Record Length,2.500000e+03,,   0.009904000000,   0.08000,
Sample Interval,2.000000e-06,,   0.009906000000,   0.08000,
Trigger Point,-4.952000000000e+03,,   0.009908000000,   0.08000,
,,,   0.009910000000,   0.08000,
,,,   0.009912000000,   0.08000,
,,,   0.009914000000,   0.08000,
Source,CH1,,   0.009916000000,   0.08000,
Vertical Units,V,,   0.009918000000,   0.08000,
Vertical Scale,2.000000e+00,,   0.009920000000,   0.08000,
Vertical Offset,8.000000e-02,,   0.009922000000,   0.08000,
Horizontal Units,s,,   0.009924000000,   0.08000,
Horizontal Scale,5.000000e-04,,   0.009926000000,   0.08000,
Pt Fmt,Y,,   0.009928000000,   0.08000,
Yzero,0.000000e+00,,   0.009930000000,   0.08000,
Probe Atten,1.000000e+01,,   0.009932000000,   0.08000,
Model Number,TDS2024C,,   0.009934000000,   0.08000,
Serial Number,C018377,,   0.009936000000,   0.08000,
Firmware Version,FV:v24.18,,   0.009938000000,   0.00000,
,,,0.009940000000,   0.08000,
,,,0.009942000000,   0.08000,
,,,0.009944000000,   0.08000,
,,,0.009946000000,   0.08000,
,,,0.009948000000,   0.08000,
,,,0.009950000000,   0.08000,
,,,0.009952000000,   0.08000,
,,,0.009954000000,   0.08000,
,,,0.009956000000,   0.08000,
,,,0.009958000000,   0.08000,
,,,0.009960000000,   0.08000,
,,,0.009962000000,   0.08000,
,,,0.009964000000,   0.08000,
,,,0.009966000000,   0.08000,
,,,0.009968000000,   0.08000,
,,,0.009970000000,   0.08000,
,,,0.009972000000,   0.08000,
,,,0.009974000000,   0.08000,
,,,0.009976000000,   0.08000,
,,,0.009978000000,   0.08000,
,,,0.009980000000,   0.08000,
,,,0.009982000000,   0.08000,
,,,0.009984000000,   0.08000,
,,,0.009986000000,   0.08000,
,,,0.009988000000,   0.08000,
,,,0.009990000000,   0.08000,
,,,0.009992000000,   0.08000,
,,,0.009994000000,   0.08000,
,,,0.009996000000,   0.08000,
,,,0.009998000000,   0.08000,
,,,0.010000000000,   0.08000,
,,,0.010002000000,   0.08000,
,,,0.010004000000,   0.08000,
,,,0.010006000000,   0.08000,
,,,0.010008000000,   0.00000,
,,,0.010010000000,   0.08000,
,,,0.010012000000,   0.08000,
,,,0.010014000000,   0.08000,
,,,0.010016000000,   0.08000,
,,,0.010018000000,   0.08000,
,,,0.010020000000,   0.08000,
,,,0.010022000000,   0.08000,
,,,0.010024000000,   0.08000,
,,,0.010026000000,   0.08000,
,,,0.010028000000,   0.08000,
,,,0.010030000000,   0.08000,
,,,0.010032000000,   0.08000,
,,,0.010034000000,   0.08000,
,,,0.010036000000,   0.08000,
,,,0.010038000000,   0.08000,
,,,0.010040000000,   0.08000,
,,,0.010042000000,   0.08000,
,,,0.010044000000,   0.08000,
,,,0.010046000000,   0.16000,
,,,0.010048000000,   0.08000,
,,,0.010050000000,   0.08000,
,,,0.010052000000,   0.08000,
,,,0.010054000000,   0.08000,
,,,0.010056000000,   0.08000,
,,,0.010058000000,   0.08000,
,,,0.010060000000,   0.08000,
,,,0.010062000000,   0.08000,
,,,0.010064000000,   0.08000,
,,,0.010066000000,   0.08000,
,,,0.010068000000,   0.08000,
,,,0.010070000000,   0.00000,
,,,0.010072000000,   0.08000,
,,,0.010074000000,   0.08000,
,,,0.010076000000,   0.08000,
,,,0.010078000000,   0.08000,
,,,0.010080000000,   0.08000,
,,,0.010082000000,   0.08000,
,,,0.010084000000,   0.08000,
,,,0.010086000000,   0.08000,
,,,0.010088000000,   0.08000,
,,,0.010090000000,   0.08000,
,,,0.010092000000,   0.08000,
,,,0.010094000000,   0.08000,
,,,0.010096000000,   0.08000,
,,,0.010098000000,   0.08000,
,,,0.010100000000,   0.08000,
,,,0.010102000000,   0.08000,
,,,0.010104000000,   0.08000,
,,,0.010106000000,   0.08000,
,,,0.010108000000,   0.08000,
,,,0.010110000000,   0.08000,
,,,0.010112000000,   0.16000,
,,,0.010114000000,   0.08000,
,,,0.010116000000,   0.08000,
,,,0.010118000000,   0.08000,
,,,0.010120000000,   0.08000,
,,,0.010122000000,   0.08000,
,,,0.010124000000,   0.08000,
,,,0.010126000000,   0.08000,
,,,0.010128000000,   0.08000,
,,,0.010130000000,   0.08000,
,,,0.010132000000,   0.08000,
,,,0.010134000000,   0.16000,
,,,0.010136000000,   0.08000,
,,,0.010138000000,   0.08000,
,,,0.010140000000,   0.08000,
,,,0.010142000000,   0.08000,
,,,0.010144000000,   0.08000,
,,,0.010146000000,   0.08000,
,,,0.010148000000,   0.08000,
,,,0.010150000000,   0.08000,
,,,0.010152000000,   0.08000,
,,,0.010154000000,   0.08000,
,,,0.010156000000,   0.08000,
,,,0.010158000000,   0.08000,
,,,0.010160000000,   0.08000,
,,,0.010162000000,   0.08000,
,,,0.010164000000,   0.08000,
,,,0.010166000000,   0.08000,
,,,0.010168000000,   0.08000,
,,,0.010170000000,   0.08000,
,,,0.010172000000,   0.08000,
,,,0.010174000000,   0.08000,
,,,0.010176000000,   0.08000,
,,,0.010178000000,   0.08000,
,,,0.010180000000,   0.00000,
,,,0.010182000000,   0.08000,
,,,0.010184000000,   0.08000,
,,,0.010186000000,   0.08000,
,,,0.010188000000,   0.08000,
,,,0.010190000000,   0.08000,
,,,0.010192000000,   0.08000,
,,,0.010194000000,   0.08000,
,,,0.010196000000,   0.08000,
,,,0.010198000000,   0.08000,
,,,0.010200000000,   0.08000,
,,,0.010202000000,   0.08000,
,,,0.010204000000,   0.08000,
,,,0.010206000000,   0.08000,
,,,0.010208000000,   0.08000,
,,,0.010210000000,   0.08000,
,,,0.010212000000,   5.20000,
,,,0.010214000000,   5.20000,
,,,0.010216000000,   5.12000,
,,,0.010218000000,   5.12000,
,,,0.010220000000,   5.12000,
,,,0.010222000000,   5.04000,
,,,0.010224000000,   5.12000,
,,,0.010226000000,   5.04000,
,,,0.010228000000,   5.04000,
,,,0.010230000000,   5.12000,
,,,0.010232000000,   5.12000,
,,,0.010234000000,   5.04000,
,,,0.010236000000,   5.04000,
,,,0.010238000000,   5.12000,
,,,0.010240000000,   5.12000,
,,,0.010242000000,   5.12000,
,,,0.010244000000,   5.04000,
,,,0.010246000000,   5.12000,
,,,0.010248000000,   5.12000,
,,,0.010250000000,   5.04000,
,,,0.010252000000,   5.12000,
,,,0.010254000000,   5.04000,
,,,0.010256000000,   5.04000,
,,,0.010258000000,   5.12000,
,,,0.010260000000,   5.04000,
,,,0.010262000000,   5.04000,
,,,0.010264000000,   5.04000,
,,,0.010266000000,   5.04000,
,,,0.010268000000,   5.12000,
,,,0.010270000000,   5.04000,
,,,0.010272000000,   4.96000,
,,,0.010274000000,   5.12000,
,,,0.010276000000,   5.04000,
,,,0.010278000000,   5.12000,
,,,0.010280000000,   5.04000,
,,,0.010282000000,   5.04000,
,,,0.010284000000,   5.04000,
,,,0.010286000000,   5.12000,
,,,0.010288000000,   5.04000,
,,,0.010290000000,   5.04000,
,,,0.010292000000,   5.04000,
,,,0.010294000000,   5.04000,
,,,0.010296000000,   5.04000,
,,,0.010298000000,   5.04000,
,,,0.010300000000,   4.96000,
,,,0.010302000000,   5.12000,
,,,0.010304000000,   5.04000,
,,,0.010306000000,   5.04000,
,,,0.010308000000,   5.12000,
,,,0.010310000000,   5.04000,
,,,0.010312000000,   5.04000,
,,,0.010314000000,   5.04000,
,,,0.010316000000,   5.04000,
,,,0.010318000000,   5.12000,
,,,0.010320000000,   5.04000,
,,,0.010322000000,   4.96000,
,,,0.010324000000,   5.04000,
,,,0.010326000000,   5.04000,
,,,0.010328000000,   5.04000,
,,,0.010330000000,   5.04000,
,,,0.010332000000,   5.04000,
,,,0.010334000000,   5.04000,
,,,0.010336000000,   5.04000,
,,,0.010338000000,   5.04000,
,,,0.010340000000,   5.12000,
,,,0.010342000000,   5.04000,
,,,0.010344000000,   5.04000,
,,,0.010346000000,   5.04000,
,,,0.010348000000,   5.04000,
,,,0.010350000000,   5.04000,
,,,0.010352000000,   5.04000,
,,,0.010354000000,   5.04000,
,,,0.010356000000,   5.04000,
,,,0.010358000000,   5.04000,
,,,0.010360000000,   4.96000,
,,,0.010362000000,   5.04000,
,,,0.010364000000,   5.04000,
,,,0.010366000000,   4.96000,
,,,0.010368000000,   5.12000,
,,,0.010370000000,   5.04000,
,,,0.010372000000,   4.96000,
,,,0.010374000000,   5.04000,
,,,0.010376000000,   5.04000,
,,,0.010378000000,   5.04000,
,,,0.010380000000,   5.04000,
,,,0.010382000000,   5.04000,
,,,0.010384000000,   5.04000,
,,,0.010386000000,   5.04000,
,,,0.010388000000,   4.96000,
,,,0.010390000000,   5.12000,
,,,0.010392000000,   5.04000,
,,,0.010394000000,   5.04000,
,,,0.010396000000,   5.04000,
,,,0.010398000000,   5.04000,
,,,0.010400000000,   5.04000,
,,,0.010402000000,   5.04000,
,,,0.010404000000,   5.04000,
,,,0.010406000000,   5.04000,
,,,0.010408000000,   5.04000,
,,,0.010410000000,   5.04000,
,,,0.010412000000,   5.04000,
,,,0.010414000000,   5.04000,
,,,0.010416000000,   4.96000,
,,,0.010418000000,   5.04000,
,,,0.010420000000,   5.04000,
,,,0.010422000000,   4.96000,
,,,0.010424000000,   5.12000,
,,,0.010426000000,   5.04000,
,,,0.010428000000,   5.04000,
,,,0.010430000000,   5.04000,
,,,0.010432000000,   5.04000,
,,,0.010434000000,   5.04000,
,,,0.010436000000,   5.04000,
,,,0.010438000000,   4.96000,
,,,0.010440000000,   5.12000,
,,,0.010442000000,   5.04000,
,,,0.010444000000,   5.04000,
,,,0.010446000000,   5.04000,
,,,0.010448000000,   5.04000,
,,,0.010450000000,   5.04000,
,,,0.010452000000,   5.04000,
,,,0.010454000000,   5.04000,
,,,0.010456000000,   5.12000,
,,,0.010458000000,   5.04000,
,,,0.010460000000,   4.96000,
,,,0.010462000000,   5.12000,
,,,0.010464000000,   5.04000,
,,,0.010466000000,   5.04000,
,,,0.010468000000,   5.04000,
,,,0.010470000000,   5.04000,
,,,0.010472000000,   5.04000,
,,,0.010474000000,   5.04000,
,,,0.010476000000,   4.96000,
,,,0.010478000000,   5.04000,
,,,0.010480000000,   5.04000,
,,,0.010482000000,   5.04000,
,,,0.010484000000,   5.12000,
,,,0.010486000000,   5.04000,
,,,0.010488000000,   5.04000,
,,,0.010490000000,   5.12000,
,,,0.010492000000,   5.04000,
,,,0.010494000000,   5.04000,
,,,0.010496000000,   5.04000,
,,,0.010498000000,   5.04000,
,,,0.010500000000,   5.12000,
,,,0.010502000000,   5.04000,
,,,0.010504000000,   4.96000,
,,,0.010506000000,   5.12000,
,,,0.010508000000,   5.04000,
,,,0.010510000000,   5.04000,
,,,0.010512000000,   5.04000,
,,,0.010514000000,   5.04000,
,,,0.010516000000,   5.04000,
,,,0.010518000000,   5.04000,
,,,0.010520000000,   5.04000,
,,,0.010522000000,   5.04000,
,,,0.010524000000,   5.04000,
,,,0.010526000000,   5.04000,
,,,0.010528000000,   5.04000,
,,,0.010530000000,   5.04000,
,,,0.010532000000,   4.96000,
,,,0.010534000000,   5.04000,
,,,0.010536000000,   5.04000,
,,,0.010538000000,   5.04000,
,,,0.010540000000,   5.12000,
,,,0.010542000000,   5.04000,
,,,0.010544000000,   5.04000,
,,,0.010546000000,   5.04000,
,,,0.010548000000,   5.04000,
,,,0.010550000000,   5.12000,
,,,0.010552000000,   5.04000,
,,,0.010554000000,   4.96000,
,,,0.010556000000,   5.12000,
,,,0.010558000000,   5.04000,
,,,0.010560000000,   4.96000,
,,,0.010562000000,   5.04000,
,,,0.010564000000,   5.04000,
,,,0.010566000000,   5.04000,
,,,0.010568000000,   5.04000,
,,,0.010570000000,   5.04000,
,,,0.010572000000,   5.12000,
,,,0.010574000000,   5.04000,
,,,0.010576000000,   5.04000,
,,,0.010578000000,   5.04000,
,,,0.010580000000,   5.04000,
,,,0.010582000000,   4.96000,
,,,0.010584000000,   5.04000,
,,,0.010586000000,   5.04000,
,,,0.010588000000,   5.04000,
,,,0.010590000000,   5.04000,
,,,0.010592000000,   5.04000,
,,,0.010594000000,   5.04000,
,,,0.010596000000,   5.04000,
,,,0.010598000000,   5.04000,
,,,0.010600000000,   5.04000,
,,,0.010602000000,   5.04000,
,,,0.010604000000,   4.96000,
,,,0.010606000000,   5.04000,
,,,0.010608000000,   5.04000,
,,,0.010610000000,   5.04000,
,,,0.010612000000,   5.04000,
,,,0.010614000000,   5.04000,
,,,0.010616000000,   5.12000,
,,,0.010618000000,   5.04000,
,,,0.010620000000,   4.96000,
,,,0.010622000000,   5.04000,
,,,0.010624000000,   5.04000,
,,,0.010626000000,   5.04000,
,,,0.010628000000,   5.04000,
,,,0.010630000000,   5.04000,
,,,0.010632000000,   5.04000,
,,,0.010634000000,   5.04000,
,,,0.010636000000,   5.04000,
,,,0.010638000000,   5.04000,
,,,0.010640000000,   5.04000,
,,,0.010642000000,   5.04000,
,,,0.010644000000,   5.12000,
,,,0.010646000000,   5.04000,
,,,0.010648000000,   4.96000,
,,,0.010650000000,   5.04000,
,,,0.010652000000,   5.04000,
,,,0.010654000000,   5.04000,
,,,0.010656000000,   5.04000,
,,,0.010658000000,   4.96000,
,,,0.010660000000,   5.04000,
,,,0.010662000000,   5.04000,
,,,0.010664000000,   4.96000,
,,,0.010666000000,   5.04000,
,,,0.010668000000,   5.04000,
,,,0.010670000000,   5.04000,
,,,0.010672000000,   5.12000,
,,,0.010674000000,   5.04000,
,,,0.010676000000,   4.96000,
,,,0.010678000000,   5.04000,
,,,0.010680000000,   5.04000,
,,,0.010682000000,   5.04000,
,,,0.010684000000,   5.04000,
,,,0.010686000000,   5.04000,
,,,0.010688000000,   5.04000,
,,,0.010690000000,   5.04000,
,,,0.010692000000,   4.96000,
,,,0.010694000000,   5.04000,
,,,0.010696000000,   5.04000,
,,,0.010698000000,   5.04000,
,,,0.010700000000,   5.04000,
,,,0.010702000000,   5.04000,
,,,0.010704000000,   5.04000,
,,,0.010706000000,   5.04000,
,,,0.010708000000,   5.04000,
,,,0.010710000000,   5.04000,
,,,0.010712000000,   5.04000,
,,,0.010714000000,   5.04000,
,,,0.010716000000,   5.04000,
,,,0.010718000000,   5.04000,
,,,0.010720000000,   4.96000,
,,,0.010722000000,   5.12000,
,,,0.010724000000,   5.04000,
,,,0.010726000000,   5.04000,
,,,0.010728000000,   5.04000,
,,,0.010730000000,   5.04000,
,,,0.010732000000,   5.12000,
,,,0.010734000000,   5.04000,
,,,0.010736000000,   4.96000,
,,,0.010738000000,   5.04000,
,,,0.010740000000,   5.04000,
,,,0.010742000000,   5.04000,
,,,0.010744000000,   5.04000,
,,,0.010746000000,   5.04000,
,,,0.010748000000,   5.04000,
,,,0.010750000000,   5.04000,
,,,0.010752000000,   5.04000,
,,,0.010754000000,   5.04000,
,,,0.010756000000,   4.96000,
,,,0.010758000000,   4.96000,
,,,0.010760000000,   5.04000,
,,,0.010762000000,   5.12000,
,,,0.010764000000,   4.96000,
,,,0.010766000000,   5.04000,
,,,0.010768000000,   5.04000,
,,,0.010770000000,   5.04000,
,,,0.010772000000,   5.12000,
,,,0.010774000000,   5.04000,
,,,0.010776000000,   5.04000,
,,,0.010778000000,   5.04000,
,,,0.010780000000,   5.04000,
,,,0.010782000000,   5.12000,
,,,0.010784000000,   5.04000,
,,,0.010786000000,   4.96000,
,,,0.010788000000,   5.12000,
,,,0.010790000000,   5.04000,
,,,0.010792000000,   5.04000,
,,,0.010794000000,   5.04000,
,,,0.010796000000,   5.04000,
,,,0.010798000000,   5.04000,
,,,0.010800000000,   5.04000,
,,,0.010802000000,   5.04000,
,,,0.010804000000,   5.04000,
,,,0.010806000000,   5.04000,
,,,0.010808000000,   5.04000,
,,,0.010810000000,   5.12000,
,,,0.010812000000,   5.04000,
,,,0.010814000000,   4.96000,
,,,0.010816000000,   5.04000,
,,,0.010818000000,   5.04000,
,,,0.010820000000,   5.04000,
,,,0.010822000000,   4.96000,
,,,0.010824000000,   5.04000,
,,,0.010826000000,   5.04000,
,,,0.010828000000,   5.04000,
,,,0.010830000000,   5.04000,
,,,0.010832000000,   5.04000,
,,,0.010834000000,   5.04000,
,,,0.010836000000,   5.04000,
,,,0.010838000000,   5.12000,
,,,0.010840000000,   5.04000,
,,,0.010842000000,   5.04000,
,,,0.010844000000,   5.04000,
,,,0.010846000000,   5.04000,
,,,0.010848000000,   5.04000,
,,,0.010850000000,   5.04000,
,,,0.010852000000,   5.04000,
,,,0.010854000000,   5.12000,
,,,0.010856000000,   5.04000,
,,,0.010858000000,   5.04000,
,,,0.010860000000,   5.04000,
,,,0.010862000000,   5.04000,
,,,0.010864000000,   5.04000,
,,,0.010866000000,   5.04000,
,,,0.010868000000,   5.04000,
,,,0.010870000000,   5.04000,
,,,0.010872000000,   4.96000,
,,,0.010874000000,   4.96000,
,,,0.010876000000,   5.12000,
,,,0.010878000000,   5.04000,
,,,0.010880000000,   4.96000,
,,,0.010882000000,   5.04000,
,,,0.010884000000,   5.04000,
,,,0.010886000000,   5.04000,
,,,0.010888000000,   5.04000,
,,,0.010890000000,   5.04000,
,,,0.010892000000,   5.04000,
,,,0.010894000000,   5.12000,
,,,0.010896000000,   5.04000,
,,,0.010898000000,   5.12000,
,,,0.010900000000,   5.04000,
,,,0.010902000000,   4.96000,
,,,0.010904000000,   5.12000,
,,,0.010906000000,   5.04000,
,,,0.010908000000,   5.04000,
,,,0.010910000000,   5.04000,
,,,0.010912000000,   5.04000,
,,,0.010914000000,   5.04000,
,,,0.010916000000,   5.04000,
,,,0.010918000000,   5.04000,
,,,0.010920000000,   5.04000,
,,,0.010922000000,   5.04000,
,,,0.010924000000,   5.04000,
,,,0.010926000000,   5.12000,
,,,0.010928000000,   5.04000,
,,,0.010930000000,   4.96000,
,,,0.010932000000,   5.04000,
,,,0.010934000000,   5.04000,
,,,0.010936000000,   5.04000,
,,,0.010938000000,   5.04000,
,,,0.010940000000,   5.04000,
,,,0.010942000000,   5.04000,
,,,0.010944000000,   5.04000,
,,,0.010946000000,   4.96000,
,,,0.010948000000,   5.04000,
,,,0.010950000000,   5.04000,
,,,0.010952000000,   4.96000,
,,,0.010954000000,   5.04000,
,,,0.010956000000,   5.04000,
,,,0.010958000000,   4.96000,
,,,0.010960000000,   5.04000,
,,,0.010962000000,   5.04000,
,,,0.010964000000,   5.12000,
,,,0.010966000000,   5.04000,
,,,0.010968000000,   4.96000,
,,,0.010970000000,   5.04000,
,,,0.010972000000,   5.04000,
,,,0.010974000000,   4.96000,
,,,0.010976000000,   5.04000,
,,,0.010978000000,   5.04000,
,,,0.010980000000,   5.04000,
,,,0.010982000000,   5.04000,
,,,0.010984000000,   5.04000,
,,,0.010986000000,   5.04000,
,,,0.010988000000,   5.04000,
,,,0.010990000000,   5.04000,
,,,0.010992000000,   5.04000,
,,,0.010994000000,   5.04000,
,,,0.010996000000,   5.04000,
,,,0.010998000000,   5.04000,
,,,0.011000000000,   5.04000,
,,,0.011002000000,   5.04000,
,,,0.011004000000,   5.04000,
,,,0.011006000000,   5.04000,
,,,0.011008000000,   5.04000,
,,,0.011010000000,   5.04000,
,,,0.011012000000,   5.04000,
,,,0.011014000000,   5.12000,
,,,0.011016000000,   5.04000,
,,,0.011018000000,   4.96000,
,,,0.011020000000,   5.12000,
,,,0.011022000000,   5.04000,
,,,0.011024000000,   5.04000,
,,,0.011026000000,   5.12000,
,,,0.011028000000,   5.04000,
,,,0.011030000000,   5.12000,
,,,0.011032000000,   5.04000,
,,,0.011034000000,   4.96000,
,,,0.011036000000,   5.12000,
,,,0.011038000000,   5.04000,
,,,0.011040000000,   5.04000,
,,,0.011042000000,   5.04000,
,,,0.011044000000,   5.04000,
,,,0.011046000000,   5.04000,
,,,0.011048000000,   5.04000,
,,,0.011050000000,   5.04000,
,,,0.011052000000,   5.04000,
,,,0.011054000000,   5.04000,
,,,0.011056000000,   5.04000,
,,,0.011058000000,   5.04000,
,,,0.011060000000,   5.04000,
,,,0.011062000000,   4.96000,
,,,0.011064000000,   5.04000,
,,,0.011066000000,   5.04000,
,,,0.011068000000,   4.96000,
,,,0.011070000000,   5.04000,
,,,0.011072000000,   5.04000,
,,,0.011074000000,   5.04000,
,,,0.011076000000,   5.04000,
,,,0.011078000000,   5.04000,
,,,0.011080000000,   5.12000,
,,,0.011082000000,   5.04000,
,,,0.011084000000,   4.96000,
,,,0.011086000000,   5.12000,
,,,0.011088000000,   5.04000,
,,,0.011090000000,   5.04000,
,,,0.011092000000,   5.04000,
,,,0.011094000000,   5.04000,
,,,0.011096000000,   5.04000,
,,,0.011098000000,   5.04000,
,,,0.011100000000,   5.04000,
,,,0.011102000000,   5.04000,
,,,0.011104000000,   5.04000,
,,,0.011106000000,   5.04000,
,,,0.011108000000,   5.12000,
,,,0.011110000000,   5.04000,
,,,0.011112000000,   4.96000,
,,,0.011114000000,   5.04000,
,,,0.011116000000,   5.04000,
,,,0.011118000000,   5.04000,
,,,0.011120000000,   5.04000,
,,,0.011122000000,   5.04000,
,,,0.011124000000,   5.04000,
,,,0.011126000000,   5.04000,
,,,0.011128000000,   4.96000,
,,,0.011130000000,   5.12000,
,,,0.011132000000,   5.04000,
,,,0.011134000000,   4.96000,
,,,0.011136000000,   5.12000,
,,,0.011138000000,   5.04000,
,,,0.011140000000,   5.04000,
,,,0.011142000000,   5.04000,
,,,0.011144000000,   5.04000,
,,,0.011146000000,   5.12000,
,,,0.011148000000,   5.12000,
,,,0.011150000000,   5.04000,
,,,0.011152000000,   5.04000,
,,,0.011154000000,   5.04000,
,,,0.011156000000,   4.96000,
,,,0.011158000000,   5.04000,
,,,0.011160000000,   5.04000,
,,,0.011162000000,   5.04000,
,,,0.011164000000,   5.12000,
,,,0.011166000000,   5.04000,
,,,0.011168000000,   4.96000,
,,,0.011170000000,   5.04000,
,,,0.011172000000,   5.04000,
,,,0.011174000000,   5.12000,
,,,0.011176000000,   5.04000,
,,,0.011178000000,   5.04000,
,,,0.011180000000,   5.12000,
,,,0.011182000000,   5.04000,
,,,0.011184000000,   4.96000,
,,,0.011186000000,   5.12000,
,,,0.011188000000,   5.04000,
,,,0.011190000000,   4.96000,
,,,0.011192000000,   5.04000,
,,,0.011194000000,   5.04000,
,,,0.011196000000,   5.04000,
,,,0.011198000000,   5.04000,
,,,0.011200000000,   4.96000,
,,,0.011202000000,   5.12000,
,,,0.011204000000,   5.04000,
,,,0.011206000000,   4.96000,
,,,0.011208000000,   5.04000,
,,,0.011210000000,   5.04000,
,,,0.011212000000,   5.04000,
,,,0.011214000000,   5.04000,
,,,0.011216000000,   5.04000,
,,,0.011218000000,   5.04000,
,,,0.011220000000,   5.04000,
,,,0.011222000000,   4.96000,
,,,0.011224000000,   5.04000,
,,,0.011226000000,   5.04000,
,,,0.011228000000,   4.96000,
,,,0.011230000000,   5.04000,
,,,0.011232000000,   5.04000,
,,,0.011234000000,   5.04000,
,,,0.011236000000,  -0.08000,
,,,0.011238000000,  -0.08000,
,,,0.011240000000,   0.00000,
,,,0.011242000000,   0.00000,
,,,0.011244000000,   0.00000,
,,,0.011246000000,   0.00000,
,,,0.011248000000,   0.00000,
,,,0.011250000000,   0.00000,
,,,0.011252000000,   0.00000,
,,,0.011254000000,   0.00000,
,,,0.011256000000,   0.00000,
,,,0.011258000000,   0.08000,
,,,0.011260000000,   0.00000,
,,,0.011262000000,   0.08000,
,,,0.011264000000,   0.08000,
,,,0.011266000000,   0.08000,
,,,0.011268000000,   0.00000,
,,,0.011270000000,   0.08000,
,,,0.011272000000,   0.08000,
,,,0.011274000000,   0.00000,
,,,0.011276000000,   0.00000,
,,,0.011278000000,   0.00000,
,,,0.011280000000,   0.00000,
,,,0.011282000000,   0.08000,
,,,0.011284000000,   0.00000,
,,,0.011286000000,   0.08000,
,,,0.011288000000,   0.08000,
,,,0.011290000000,   0.08000,
,,,0.011292000000,   0.08000,
,,,0.011294000000,   0.08000,
,,,0.011296000000,   0.08000,
,,,0.011298000000,   0.00000,
,,,0.011300000000,   0.08000,
,,,0.011302000000,   0.08000,
,,,0.011304000000,   0.00000,
,,,0.011306000000,   0.08000,
,,,0.011308000000,   0.08000,
,,,0.011310000000,   0.08000,
,,,0.011312000000,   0.08000,
,,,0.011314000000,   0.00000,
,,,0.011316000000,   0.08000,
,,,0.011318000000,   0.08000,
,,,0.011320000000,   0.08000,
,,,0.011322000000,   0.08000,
,,,0.011324000000,   0.08000,
,,,0.011326000000,   0.08000,
,,,0.011328000000,   0.08000,
,,,0.011330000000,   0.00000,
,,,0.011332000000,   0.08000,
,,,0.011334000000,   0.08000,
,,,0.011336000000,   0.08000,
,,,0.011338000000,   0.08000,
,,,0.011340000000,   0.08000,
,,,0.011342000000,   0.08000,
,,,0.011344000000,   0.08000,
,,,0.011346000000,   0.08000,
,,,0.011348000000,   0.08000,
,,,0.011350000000,   0.08000,
,,,0.011352000000,   0.08000,
,,,0.011354000000,   0.08000,
,,,0.011356000000,   0.08000,
,,,0.011358000000,   0.08000,
,,,0.011360000000,   0.08000,
,,,0.011362000000,   0.08000,
,,,0.011364000000,   0.08000,
,,,0.011366000000,   0.08000,
,,,0.011368000000,   0.08000,
,,,0.011370000000,   0.08000,
,,,0.011372000000,   0.08000,
,,,0.011374000000,   0.08000,
,,,0.011376000000,   0.08000,
,,,0.011378000000,   0.08000,
,,,0.011380000000,   0.08000,
,,,0.011382000000,   0.08000,
,,,0.011384000000,   0.08000,
,,,0.011386000000,   0.08000,
,,,0.011388000000,   0.16000,
,,,0.011390000000,   0.08000,
,,,0.011392000000,   0.08000,
,,,0.011394000000,   0.08000,
,,,0.011396000000,   0.08000,
,,,0.011398000000,   0.08000,
,,,0.011400000000,   0.08000,
,,,0.011402000000,   0.00000,
,,,0.011404000000,   0.08000,
,,,0.011406000000,   0.08000,
,,,0.011408000000,   0.08000,
,,,0.011410000000,   0.08000,
,,,0.011412000000,   0.08000,
,,,0.011414000000,   0.08000,
,,,0.011416000000,   0.08000,
,,,0.011418000000,   0.08000,
,,,0.011420000000,   0.08000,
,,,0.011422000000,   0.08000,
,,,0.011424000000,   0.08000,
,,,0.011426000000,   0.08000,
,,,0.011428000000,   0.08000,
,,,0.011430000000,   0.08000,
,,,0.011432000000,   0.08000,
,,,0.011434000000,   0.08000,
,,,0.011436000000,   0.08000,
,,,0.011438000000,   0.08000,
,,,0.011440000000,   0.08000,
,,,0.011442000000,   0.08000,
,,,0.011444000000,   0.08000,
,,,0.011446000000,   0.08000,
,,,0.011448000000,   0.16000,
,,,0.011450000000,   0.08000,
,,,0.011452000000,   0.08000,
,,,0.011454000000,   0.08000,
,,,0.011456000000,   0.08000,
,,,0.011458000000,   0.08000,
,,,0.011460000000,   0.08000,
,,,0.011462000000,   0.08000,
,,,0.011464000000,   0.08000,
,,,0.011466000000,   0.08000,
,,,0.011468000000,   0.08000,
,,,0.011470000000,   0.08000,
,,,0.011472000000,   0.08000,
,,,0.011474000000,   0.08000,
,,,0.011476000000,   0.08000,
,,,0.011478000000,   0.08000,
,,,0.011480000000,   0.08000,
,,,0.011482000000,   0.08000,
,,,0.011484000000,   0.08000,
,,,0.011486000000,   0.08000,
,,,0.011488000000,   0.08000,
,,,0.011490000000,   0.08000,
,,,0.011492000000,   0.08000,
,,,0.011494000000,   0.08000,
,,,0.011496000000,   0.08000,
,,,0.011498000000,   0.08000,
,,,0.011500000000,   0.08000,
,,,0.011502000000,   0.08000,
,,,0.011504000000,   0.08000,
,,,0.011506000000,   0.08000,
,,,0.011508000000,   0.08000,
,,,0.011510000000,   0.08000,
,,,0.011512000000,   0.08000,
,,,0.011514000000,   0.08000,
,,,0.011516000000,   0.08000,
,,,0.011518000000,   0.08000,
,,,0.011520000000,   0.08000,
,,,0.011522000000,   0.08000,
,,,0.011524000000,   0.08000,
,,,0.011526000000,   0.08000,
,,,0.011528000000,   0.08000,
,,,0.011530000000,   0.08000,
,,,0.011532000000,   0.16000,
,,,0.011534000000,   0.08000,
,,,0.011536000000,   0.08000,
,,,0.011538000000,   0.08000,
,,,0.011540000000,   0.08000,
,,,0.011542000000,   0.08000,
,,,0.011544000000,   0.08000,
,,,0.011546000000,   0.08000,
,,,0.011548000000,   0.08000,
,,,0.011550000000,   0.08000,
,,,0.011552000000,   0.08000,
,,,0.011554000000,   0.08000,
,,,0.011556000000,   0.08000,
,,,0.011558000000,   0.08000,
,,,0.011560000000,   0.16000,
,,,0.011562000000,   0.08000,
,,,0.011564000000,   0.08000,
,,,0.011566000000,   0.08000,
,,,0.011568000000,   0.08000,
,,,0.011570000000,   0.08000,
,,,0.011572000000,   0.08000,
,,,0.011574000000,   0.08000,
,,,0.011576000000,   0.08000,
,,,0.011578000000,   0.08000,
,,,0.011580000000,   0.08000,
,,,0.011582000000,   0.08000,
,,,0.011584000000,   0.08000,
,,,0.011586000000,   0.08000,
,,,0.011588000000,   0.08000,
,,,0.011590000000,   0.08000,
,,,0.011592000000,   0.08000,
,,,0.011594000000,   0.08000,
,,,0.011596000000,   0.08000,
,,,0.011598000000,   0.08000,
,,,0.011600000000,   0.08000,
,,,0.011602000000,   0.08000,
,,,0.011604000000,   0.08000,
,,,0.011606000000,   0.08000,
,,,0.011608000000,   0.08000,
,,,0.011610000000,   0.08000,
,,,0.011612000000,   0.08000,
,,,0.011614000000,   0.08000,
,,,0.011616000000,   0.08000,
,,,0.011618000000,   0.08000,
,,,0.011620000000,   0.08000,
,,,0.011622000000,   0.08000,
,,,0.011624000000,   0.08000,
,,,0.011626000000,   0.16000,
,,,0.011628000000,   0.08000,
,,,0.011630000000,   0.08000,
,,,0.011632000000,   0.08000,
,,,0.011634000000,   0.08000,
,,,0.011636000000,   0.08000,
,,,0.011638000000,   0.08000,
,,,0.011640000000,   0.08000,
,,,0.011642000000,   0.08000,
,,,0.011644000000,   0.08000,
,,,0.011646000000,   0.08000,
,,,0.011648000000,   0.08000,
,,,0.011650000000,   0.08000,
,,,0.011652000000,   0.08000,
,,,0.011654000000,   0.08000,
,,,0.011656000000,   0.08000,
,,,0.011658000000,   0.08000,
,,,0.011660000000,   0.08000,
,,,0.011662000000,   0.08000,
,,,0.011664000000,   0.08000,
,,,0.011666000000,   0.08000,
,,,0.011668000000,   0.08000,
,,,0.011670000000,   0.08000,
,,,0.011672000000,   0.08000,
,,,0.011674000000,   0.08000,
,,,0.011676000000,   0.08000,
,,,0.011678000000,   0.08000,
,,,0.011680000000,   0.08000,
,,,0.011682000000,   0.08000,
,,,0.011684000000,   0.08000,
,,,0.011686000000,   0.08000,
,,,0.011688000000,   0.08000,
,,,0.011690000000,   0.08000,
,,,0.011692000000,   0.08000,
,,,0.011694000000,   0.08000,
,,,0.011696000000,   0.08000,
,,,0.011698000000,   0.08000,
,,,0.011700000000,   0.08000,
,,,0.011702000000,   0.08000,
,,,0.011704000000,   0.08000,
,,,0.011706000000,   0.08000,
,,,0.011708000000,   0.08000,
,,,0.011710000000,   0.08000,
,,,0.011712000000,   0.08000,
,,,0.011714000000,   0.08000,
,,,0.011716000000,   0.08000,
,,,0.011718000000,   0.08000,
,,,0.011720000000,   0.08000,
,,,0.011722000000,   0.08000,
,,,0.011724000000,   0.08000,
,,,0.011726000000,   0.08000,
,,,0.011728000000,   0.08000,
,,,0.011730000000,   0.08000,
,,,0.011732000000,   0.08000,
,,,0.011734000000,   0.08000,
,,,0.011736000000,   0.08000,
,,,0.011738000000,   0.00000,
,,,0.011740000000,   0.08000,
,,,0.011742000000,   0.08000,
,,,0.011744000000,   0.08000,
,,,0.011746000000,   0.08000,
,,,0.011748000000,   0.08000,
,,,0.011750000000,   0.08000,
,,,0.011752000000,   0.08000,
,,,0.011754000000,   0.08000,
,,,0.011756000000,   0.08000,
,,,0.011758000000,   0.08000,
,,,0.011760000000,   0.00000,
,,,0.011762000000,   0.08000,
,,,0.011764000000,   0.08000,
,,,0.011766000000,   0.08000,
,,,0.011768000000,   0.08000,
,,,0.011770000000,   0.08000,
,,,0.011772000000,   0.16000,
,,,0.011774000000,   0.08000,
,,,0.011776000000,   0.08000,
,,,0.011778000000,   0.08000,
,,,0.011780000000,   0.08000,
,,,0.011782000000,   0.08000,
,,,0.011784000000,   0.08000,
,,,0.011786000000,   0.08000,
,,,0.011788000000,   0.08000,
,,,0.011790000000,   0.08000,
,,,0.011792000000,   0.08000,
,,,0.011794000000,   0.08000,
,,,0.011796000000,   0.08000,
,,,0.011798000000,   0.08000,
,,,0.011800000000,   0.08000,
,,,0.011802000000,   0.08000,
,,,0.011804000000,   0.08000,
,,,0.011806000000,   0.08000,
,,,0.011808000000,   0.08000,
,,,0.011810000000,   0.08000,
,,,0.011812000000,   0.08000,
,,,0.011814000000,   0.08000,
,,,0.011816000000,   0.08000,
,,,0.011818000000,   0.08000,
,,,0.011820000000,   0.08000,
,,,0.011822000000,   0.08000,
,,,0.011824000000,   0.08000,
,,,0.011826000000,   0.00000,
,,,0.011828000000,   0.08000,
,,,0.011830000000,   0.08000,
,,,0.011832000000,   0.08000,
,,,0.011834000000,   0.08000,
,,,0.011836000000,   0.08000,
,,,0.011838000000,   0.08000,
,,,0.011840000000,   0.08000,
,,,0.011842000000,   0.08000,
,,,0.011844000000,   0.08000,
,,,0.011846000000,   0.08000,
,,,0.011848000000,   0.08000,
,,,0.011850000000,   0.08000,
,,,0.011852000000,   0.16000,
,,,0.011854000000,   0.08000,
,,,0.011856000000,   0.08000,
,,,0.011858000000,   0.08000,
,,,0.011860000000,   0.08000,
,,,0.011862000000,   0.08000,
,,,0.011864000000,   0.08000,
,,,0.011866000000,   0.08000,
,,,0.011868000000,   0.08000,
,,,0.011870000000,   0.08000,
,,,0.011872000000,   0.08000,
,,,0.011874000000,   0.08000,
,,,0.011876000000,   0.00000,
,,,0.011878000000,   0.08000,
,,,0.011880000000,   0.08000,
,,,0.011882000000,   0.08000,
,,,0.011884000000,   0.08000,
,,,0.011886000000,   0.08000,
,,,0.011888000000,   0.08000,
,,,0.011890000000,   0.08000,
,,,0.011892000000,   0.08000,
,,,0.011894000000,   0.08000,
,,,0.011896000000,   0.08000,
,,,0.011898000000,   0.08000,
,,,0.011900000000,   0.08000,
,,,0.011902000000,   0.08000,
,,,0.011904000000,   0.08000,
,,,0.011906000000,   0.08000,
,,,0.011908000000,   0.08000,
,,,0.011910000000,   0.08000,
,,,0.011912000000,   0.08000,
,,,0.011914000000,   0.08000,
,,,0.011916000000,   0.08000,
,,,0.011918000000,   0.08000,
,,,0.011920000000,   0.08000,
,,,0.011922000000,   0.08000,
,,,0.011924000000,   0.08000,
,,,0.011926000000,   0.08000,
,,,0.011928000000,   0.08000,
,,,0.011930000000,   0.08000,
,,,0.011932000000,   0.08000,
,,,0.011934000000,   0.08000,
,,,0.011936000000,   0.08000,
,,,0.011938000000,   0.08000,
,,,0.011940000000,   0.08000,
,,,0.011942000000,   0.08000,
,,,0.011944000000,   0.08000,
,,,0.011946000000,   0.08000,
,,,0.011948000000,   0.08000,
,,,0.011950000000,   0.08000,
,,,0.011952000000,   0.08000,
,,,0.011954000000,   0.08000,
,,,0.011956000000,   0.08000,
,,,0.011958000000,   0.08000,
,,,0.011960000000,   0.08000,
,,,0.011962000000,   0.08000,
,,,0.011964000000,   0.08000,
,,,0.011966000000,   0.08000,
,,,0.011968000000,   0.08000,
,,,0.011970000000,   0.08000,
,,,0.011972000000,   0.08000,
,,,0.011974000000,   0.08000,
,,,0.011976000000,   0.08000,
,,,0.011978000000,   0.08000,
,,,0.011980000000,   0.08000,
,,,0.011982000000,   0.08000,
,,,0.011984000000,   0.08000,
,,,0.011986000000,   0.08000,
,,,0.011988000000,   0.08000,
,,,0.011990000000,   0.08000,
,,,0.011992000000,   0.08000,
,,,0.011994000000,   0.08000,
,,,0.011996000000,   0.08000,
,,,0.011998000000,   0.08000,
,,,0.012000000000,   0.08000,
,,,0.012002000000,   0.08000,
,,,0.012004000000,   0.08000,
,,,0.012006000000,   0.08000,
,,,0.012008000000,   0.08000,
,,,0.012010000000,   0.08000,
,,,0.012012000000,   0.08000,
,,,0.012014000000,   0.08000,
,,,0.012016000000,   0.08000,
,,,0.012018000000,   0.08000,
,,,0.012020000000,   0.08000,
,,,0.012022000000,   0.08000,
,,,0.012024000000,   0.08000,
,,,0.012026000000,   0.08000,
,,,0.012028000000,   0.08000,
,,,0.012030000000,   0.08000,
,,,0.012032000000,   0.08000,
,,,0.012034000000,   0.08000,
,,,0.012036000000,   0.08000,
,,,0.012038000000,   0.08000,
,,,0.012040000000,   0.08000,
,,,0.012042000000,   0.08000,
,,,0.012044000000,   0.08000,
,,,0.012046000000,   0.08000,
,,,0.012048000000,   0.08000,
,,,0.012050000000,   0.08000,
,,,0.012052000000,   0.08000,
,,,0.012054000000,   0.08000,
,,,0.012056000000,   0.08000,
,,,0.012058000000,   0.08000,
,,,0.012060000000,   0.08000,
,,,0.012062000000,   0.08000,
,,,0.012064000000,   0.08000,
,,,0.012066000000,   0.08000,
,,,0.012068000000,   0.08000,
,,,0.012070000000,   0.08000,
,,,0.012072000000,   0.08000,
,,,0.012074000000,   0.08000,
,,,0.012076000000,   0.08000,
,,,0.012078000000,   0.08000,
,,,0.012080000000,   0.08000,
,,,0.012082000000,   0.08000,
,,,0.012084000000,   0.08000,
,,,0.012086000000,   0.08000,
,,,0.012088000000,   0.08000,
,,,0.012090000000,   0.08000,
,,,0.012092000000,   0.08000,
,,,0.012094000000,   0.08000,
,,,0.012096000000,   0.08000,
,,,0.012098000000,   0.08000,
,,,0.012100000000,   0.08000,
,,,0.012102000000,   0.08000,
,,,0.012104000000,   0.08000,
,,,0.012106000000,   0.08000,
,,,0.012108000000,   0.08000,
,,,0.012110000000,   0.08000,
,,,0.012112000000,   0.08000,
,,,0.012114000000,   0.08000,
,,,0.012116000000,   0.08000,
,,,0.012118000000,   0.08000,
,,,0.012120000000,   0.08000,
,,,0.012122000000,   0.08000,
,,,0.012124000000,   0.08000,
,,,0.012126000000,   0.08000,
,,,0.012128000000,   0.08000,
,,,0.012130000000,   0.08000,
,,,0.012132000000,   0.08000,
,,,0.012134000000,   0.08000,
,,,0.012136000000,   0.08000,
,,,0.012138000000,   0.08000,
,,,0.012140000000,   0.08000,
,,,0.012142000000,   0.08000,
,,,0.012144000000,   0.08000,
,,,0.012146000000,   0.08000,
,,,0.012148000000,   0.08000,
,,,0.012150000000,   0.08000,
,,,0.012152000000,   0.08000,
,,,0.012154000000,   0.08000,
,,,0.012156000000,   0.08000,
,,,0.012158000000,   0.00000,
,,,0.012160000000,   0.08000,
,,,0.012162000000,   0.08000,
,,,0.012164000000,   0.08000,
,,,0.012166000000,   0.08000,
,,,0.012168000000,   0.08000,
,,,0.012170000000,   0.08000,
,,,0.012172000000,   0.08000,
,,,0.012174000000,   0.08000,
,,,0.012176000000,   0.08000,
,,,0.012178000000,   0.08000,
,,,0.012180000000,   0.08000,
,,,0.012182000000,   0.00000,
,,,0.012184000000,   0.08000,
,,,0.012186000000,   0.08000,
,,,0.012188000000,   0.08000,
,,,0.012190000000,   0.16000,
,,,0.012192000000,   0.08000,
,,,0.012194000000,   0.08000,
,,,0.012196000000,   0.08000,
,,,0.012198000000,   0.08000,
,,,0.012200000000,   0.08000,
,,,0.012202000000,   0.08000,
,,,0.012204000000,   0.08000,
,,,0.012206000000,   0.16000,
,,,0.012208000000,   0.08000,
,,,0.012210000000,   0.08000,
,,,0.012212000000,   0.08000,
,,,0.012214000000,   0.08000,
,,,0.012216000000,   0.08000,
,,,0.012218000000,   0.08000,
,,,0.012220000000,   0.08000,
,,,0.012222000000,   0.08000,
,,,0.012224000000,   0.08000,
,,,0.012226000000,   0.08000,
,,,0.012228000000,   0.08000,
,,,0.012230000000,   0.08000,
,,,0.012232000000,   0.08000,
,,,0.012234000000,   0.08000,
,,,0.012236000000,   0.08000,
,,,0.012238000000,   0.08000,
,,,0.012240000000,   0.08000,
,,,0.012242000000,   0.08000,
,,,0.012244000000,   0.08000,
,,,0.012246000000,   0.08000,
,,,0.012248000000,   0.08000,
,,,0.012250000000,   0.08000,
,,,0.012252000000,   5.28000,
,,,0.012254000000,   5.12000,
,,,0.012256000000,   5.12000,
,,,0.012258000000,   5.12000,
,,,0.012260000000,   5.04000,
,,,0.012262000000,   5.12000,
,,,0.012264000000,   5.04000,
,,,0.012266000000,   5.12000,
,,,0.012268000000,   5.20000,
,,,0.012270000000,   5.04000,
,,,0.012272000000,   5.04000,
,,,0.012274000000,   5.12000,
,,,0.012276000000,   5.12000,
,,,0.012278000000,   5.04000,
,,,0.012280000000,   5.12000,
,,,0.012282000000,   5.12000,
,,,0.012284000000,   5.12000,
,,,0.012286000000,   5.12000,
,,,0.012288000000,   5.04000,
,,,0.012290000000,   5.12000,
,,,0.012292000000,   5.04000,
,,,0.012294000000,   5.04000,
,,,0.012296000000,   5.12000,
,,,0.012298000000,   5.04000,
,,,0.012300000000,   5.04000,
,,,0.012302000000,   5.12000,
,,,0.012304000000,   5.12000,
,,,0.012306000000,   5.04000,
,,,0.012308000000,   5.04000,
,,,0.012310000000,   5.04000,
,,,0.012312000000,   5.12000,
,,,0.012314000000,   5.04000,
,,,0.012316000000,   5.04000,
,,,0.012318000000,   5.04000,
,,,0.012320000000,   5.04000,
,,,0.012322000000,   5.04000,
,,,0.012324000000,   5.12000,
,,,0.012326000000,   5.12000,
,,,0.012328000000,   5.04000,
,,,0.012330000000,   5.04000,
,,,0.012332000000,   5.04000,
,,,0.012334000000,   5.04000,
,,,0.012336000000,   5.04000,
,,,0.012338000000,   5.04000,
,,,0.012340000000,   5.04000,
,,,0.012342000000,   5.04000,
,,,0.012344000000,   5.04000,
,,,0.012346000000,   5.12000,
,,,0.012348000000,   5.04000,
,,,0.012350000000,   5.04000,
,,,0.012352000000,   5.12000,
,,,0.012354000000,   5.04000,
,,,0.012356000000,   5.12000,
,,,0.012358000000,   5.04000,
,,,0.012360000000,   5.04000,
,,,0.012362000000,   5.04000,
,,,0.012364000000,   5.04000,
,,,0.012366000000,   5.04000,
,,,0.012368000000,   5.04000,
,,,0.012370000000,   5.04000,
,,,0.012372000000,   4.96000,
,,,0.012374000000,   5.04000,
,,,0.012376000000,   5.04000,
,,,0.012378000000,   5.04000,
,,,0.012380000000,   5.04000,
,,,0.012382000000,   5.04000,
,,,0.012384000000,   5.04000,
,,,0.012386000000,   5.04000,
,,,0.012388000000,   4.96000,
,,,0.012390000000,   5.04000,
,,,0.012392000000,   5.04000,
,,,0.012394000000,   5.04000,
,,,0.012396000000,   5.04000,
,,,0.012398000000,   5.04000,
,,,0.012400000000,   5.04000,
,,,0.012402000000,   5.04000,
,,,0.012404000000,   5.04000,
,,,0.012406000000,   5.12000,
,,,0.012408000000,   5.04000,
,,,0.012410000000,   4.96000,
,,,0.012412000000,   5.04000,
,,,0.012414000000,   5.04000,
,,,0.012416000000,   5.04000,
,,,0.012418000000,   5.04000,
,,,0.012420000000,   5.04000,
,,,0.012422000000,   5.04000,
,,,0.012424000000,   5.04000,
,,,0.012426000000,   4.96000,
,,,0.012428000000,   5.04000,
,,,0.012430000000,   5.04000,
,,,0.012432000000,   5.04000,
,,,0.012434000000,   5.04000,
,,,0.012436000000,   5.04000,
,,,0.012438000000,   5.04000,
,,,0.012440000000,   5.04000,
,,,0.012442000000,   5.04000,
,,,0.012444000000,   4.96000,
,,,0.012446000000,   5.04000,
,,,0.012448000000,   5.04000,
,,,0.012450000000,   5.04000,
,,,0.012452000000,   5.04000,
,,,0.012454000000,   5.04000,
,,,0.012456000000,   5.12000,
,,,0.012458000000,   5.04000,
,,,0.012460000000,   4.96000,
,,,0.012462000000,   5.04000,
,,,0.012464000000,   5.04000,
,,,0.012466000000,   5.04000,
,,,0.012468000000,   5.04000,
,,,0.012470000000,   5.04000,
,,,0.012472000000,   5.04000,
,,,0.012474000000,   5.04000,
,,,0.012476000000,   4.96000,
,,,0.012478000000,   5.12000,
,,,0.012480000000,   5.04000,
,,,0.012482000000,   5.04000,
,,,0.012484000000,   5.04000,
,,,0.012486000000,   5.04000,
,,,0.012488000000,   5.04000,
,,,0.012490000000,   5.04000,
,,,0.012492000000,   5.04000,
,,,0.012494000000,   5.04000,
,,,0.012496000000,   5.04000,
,,,0.012498000000,   5.04000,
,,,0.012500000000,   5.04000,
,,,0.012502000000,   5.04000,
,,,0.012504000000,   5.04000,
,,,0.012506000000,   5.04000,
,,,0.012508000000,   5.04000,
,,,0.012510000000,   5.04000,
,,,0.012512000000,   5.04000,
,,,0.012514000000,   5.04000,
,,,0.012516000000,   5.04000,
,,,0.012518000000,   5.04000,
,,,0.012520000000,   5.04000,
,,,0.012522000000,   5.12000,
,,,0.012524000000,   5.04000,
,,,0.012526000000,   5.04000,
,,,0.012528000000,   5.12000,
,,,0.012530000000,   5.04000,
,,,0.012532000000,   5.04000,
,,,0.012534000000,   5.04000,
,,,0.012536000000,   5.04000,
,,,0.012538000000,   5.12000,
,,,0.012540000000,   5.04000,
,,,0.012542000000,   5.04000,
,,,0.012544000000,   5.04000,
,,,0.012546000000,   5.04000,
,,,0.012548000000,   4.96000,
,,,0.012550000000,   5.04000,
,,,0.012552000000,   5.04000,
,,,0.012554000000,   5.04000,
,,,0.012556000000,   5.04000,
,,,0.012558000000,   5.04000,
,,,0.012560000000,   4.96000,
,,,0.012562000000,   5.12000,
,,,0.012564000000,   5.04000,
,,,0.012566000000,   5.04000,
,,,0.012568000000,   5.04000,
,,,0.012570000000,   4.96000,
,,,0.012572000000,   5.12000,
,,,0.012574000000,   5.04000,
,,,0.012576000000,   4.96000,
,,,0.012578000000,   5.12000,
,,,0.012580000000,   5.04000,
,,,0.012582000000,   4.96000,
,,,0.012584000000,   5.04000,
,,,0.012586000000,   4.96000,
,,,0.012588000000,   5.04000,
,,,0.012590000000,   4.96000,
,,,0.012592000000,   4.96000,
,,,0.012594000000,   5.04000,
,,,0.012596000000,   5.04000,
,,,0.012598000000,   4.96000,
,,,0.012600000000,   5.12000,
,,,0.012602000000,   5.04000,
,,,0.012604000000,   5.04000,
,,,0.012606000000,   5.04000,
,,,0.012608000000,   5.04000,
,,,0.012610000000,   5.04000,
,,,0.012612000000,   5.04000,
,,,0.012614000000,   5.04000,
,,,0.012616000000,   5.04000,
,,,0.012618000000,   5.04000,
,,,0.012620000000,   4.96000,
,,,0.012622000000,   5.12000,
,,,0.012624000000,   5.04000,
,,,0.012626000000,   5.04000,
,,,0.012628000000,   5.04000,
,,,0.012630000000,   5.04000,
,,,0.012632000000,   5.04000,
,,,0.012634000000,   5.04000,
,,,0.012636000000,   4.96000,
,,,0.012638000000,   5.12000,
,,,0.012640000000,   5.04000,
,,,0.012642000000,   4.96000,
,,,0.012644000000,   5.12000,
,,,0.012646000000,   5.04000,
,,,0.012648000000,   5.04000,
,,,0.012650000000,   5.04000,
,,,0.012652000000,   5.04000,
,,,0.012654000000,   5.04000,
,,,0.012656000000,   5.04000,
,,,0.012658000000,   5.04000,
,,,0.012660000000,   5.12000,
,,,0.012662000000,   5.04000,
,,,0.012664000000,   5.04000,
,,,0.012666000000,   5.04000,
,,,0.012668000000,   5.04000,
,,,0.012670000000,   5.04000,
,,,0.012672000000,   5.04000,
,,,0.012674000000,   5.04000,
,,,0.012676000000,   5.04000,
,,,0.012678000000,   5.04000,
,,,0.012680000000,   5.04000,
,,,0.012682000000,   5.04000,
,,,0.012684000000,   5.04000,
,,,0.012686000000,   4.96000,
,,,0.012688000000,   5.04000,
,,,0.012690000000,   5.04000,
,,,0.012692000000,   4.96000,
,,,0.012694000000,   5.04000,
,,,0.012696000000,   5.04000,
,,,0.012698000000,   4.96000,
,,,0.012700000000,   5.12000,
,,,0.012702000000,   5.04000,
,,,0.012704000000,   5.04000,
,,,0.012706000000,   5.04000,
,,,0.012708000000,   4.96000,
,,,0.012710000000,   5.04000,
,,,0.012712000000,   5.04000,
,,,0.012714000000,   4.96000,
,,,0.012716000000,   5.04000,
,,,0.012718000000,   5.04000,
,,,0.012720000000,   4.96000,
,,,0.012722000000,   5.04000,
,,,0.012724000000,   5.04000,
,,,0.012726000000,   5.04000,
,,,0.012728000000,   5.04000,
,,,0.012730000000,   5.04000,
,,,0.012732000000,   5.04000,
,,,0.012734000000,   5.04000,
,,,0.012736000000,   4.96000,
,,,0.012738000000,   5.12000,
,,,0.012740000000,   5.04000,
,,,0.012742000000,   4.96000,
,,,0.012744000000,   5.04000,
,,,0.012746000000,   5.04000,
,,,0.012748000000,   5.04000,
,,,0.012750000000,   5.04000,
,,,0.012752000000,   5.04000,
,,,0.012754000000,   5.04000,
,,,0.012756000000,   5.12000,
,,,0.012758000000,   5.04000,
,,,0.012760000000,   5.12000,
,,,0.012762000000,   5.04000,
,,,0.012764000000,   4.96000,
,,,0.012766000000,   5.04000,
,,,0.012768000000,   5.04000,
,,,0.012770000000,   5.04000,
,,,0.012772000000,   5.04000,
,,,0.012774000000,   5.04000,
,,,0.012776000000,   5.04000,
,,,0.012778000000,   5.04000,
,,,0.012780000000,   4.96000,
,,,0.012782000000,   5.04000,
,,,0.012784000000,   5.04000,
,,,0.012786000000,   5.04000,
,,,0.012788000000,   5.04000,
,,,0.012790000000,   5.04000,
,,,0.012792000000,   5.04000,
,,,0.012794000000,   5.04000,
,,,0.012796000000,   5.04000,
,,,0.012798000000,   5.04000,
,,,0.012800000000,   5.04000,
,,,0.012802000000,   5.04000,
,,,0.012804000000,   5.12000,
,,,0.012806000000,   5.04000,
,,,0.012808000000,   4.96000,
,,,0.012810000000,   5.04000,
,,,0.012812000000,   5.04000,
,,,0.012814000000,   4.96000,
,,,0.012816000000,   5.04000,
,,,0.012818000000,   5.04000,
,,,0.012820000000,   5.04000,
,,,0.012822000000,   5.04000,
,,,0.012824000000,   5.04000,
,,,0.012826000000,   5.12000,
,,,0.012828000000,   5.04000,
,,,0.012830000000,   4.96000,
,,,0.012832000000,   5.12000,
,,,0.012834000000,   5.04000,
,,,0.012836000000,   5.04000,
,,,0.012838000000,   5.04000,
,,,0.012840000000,   5.04000,
,,,0.012842000000,   5.04000,
,,,0.012844000000,   5.04000,
,,,0.012846000000,   5.04000,
,,,0.012848000000,   5.04000,
,,,0.012850000000,   5.04000,
,,,0.012852000000,   4.96000,
,,,0.012854000000,   5.12000,
,,,0.012856000000,   5.04000,
,,,0.012858000000,   4.96000,
,,,0.012860000000,   5.04000,
,,,0.012862000000,   5.04000,
,,,0.012864000000,   5.04000,
,,,0.012866000000,   5.04000,
,,,0.012868000000,   4.96000,
,,,0.012870000000,   5.12000,
,,,0.012872000000,   5.04000,
,,,0.012874000000,   5.04000,
,,,0.012876000000,   5.12000,
,,,0.012878000000,   4.96000,
,,,0.012880000000,   4.96000,
,,,0.012882000000,   5.12000,
,,,0.012884000000,   5.04000,
,,,0.012886000000,   5.04000,
,,,0.012888000000,   5.04000,
,,,0.012890000000,   5.04000,
,,,0.012892000000,   5.12000,
,,,0.012894000000,   5.04000,
,,,0.012896000000,   5.04000,
,,,0.012898000000,   5.04000,
,,,0.012900000000,   5.04000,
,,,0.012902000000,   5.04000,
,,,0.012904000000,   5.04000,
,,,0.012906000000,   5.04000,
,,,0.012908000000,   5.04000,
,,,0.012910000000,   5.04000,
,,,0.012912000000,   5.04000,
,,,0.012914000000,   5.04000,
,,,0.012916000000,   5.04000,
,,,0.012918000000,   5.04000,
,,,0.012920000000,   5.04000,
,,,0.012922000000,   5.04000,
,,,0.012924000000,   4.96000,
,,,0.012926000000,   5.12000,
,,,0.012928000000,   5.04000,
,,,0.012930000000,   4.96000,
,,,0.012932000000,   5.12000,
,,,0.012934000000,   5.04000,
,,,0.012936000000,   5.04000,
,,,0.012938000000,   5.04000,
,,,0.012940000000,   4.96000,
,,,0.012942000000,   5.12000,
,,,0.012944000000,   5.04000,
,,,0.012946000000,   4.96000,
,,,0.012948000000,   5.12000,
,,,0.012950000000,   5.04000,
,,,0.012952000000,   5.04000,
,,,0.012954000000,   5.04000,
,,,0.012956000000,   5.04000,
,,,0.012958000000,   5.04000,
,,,0.012960000000,   5.04000,
,,,0.012962000000,   5.04000,
,,,0.012964000000,   5.04000,
,,,0.012966000000,   4.96000,
,,,0.012968000000,   4.96000,
,,,0.012970000000,   5.12000,
,,,0.012972000000,   5.04000,
,,,0.012974000000,   4.96000,
,,,0.012976000000,   5.04000,
,,,0.012978000000,   5.04000,
,,,0.012980000000,   5.04000,
,,,0.012982000000,   5.04000,
,,,0.012984000000,   5.04000,
,,,0.012986000000,   5.04000,
,,,0.012988000000,   5.04000,
,,,0.012990000000,   4.96000,
,,,0.012992000000,   5.12000,
,,,0.012994000000,   5.04000,
,,,0.012996000000,   4.96000,
,,,0.012998000000,   5.04000,
,,,0.013000000000,   5.04000,
,,,0.013002000000,   5.04000,
,,,0.013004000000,   5.04000,
,,,0.013006000000,   5.04000,
,,,0.013008000000,   5.04000,
,,,0.013010000000,   5.04000,
,,,0.013012000000,   4.96000,
,,,0.013014000000,   5.04000,
,,,0.013016000000,   5.04000,
,,,0.013018000000,   5.04000,
,,,0.013020000000,   5.04000,
,,,0.013022000000,   5.04000,
,,,0.013024000000,   5.04000,
,,,0.013026000000,   5.04000,
,,,0.013028000000,   5.04000,
,,,0.013030000000,   5.04000,
,,,0.013032000000,   5.04000,
,,,0.013034000000,   5.04000,
,,,0.013036000000,   5.04000,
,,,0.013038000000,   5.04000,
,,,0.013040000000,   4.96000,
,,,0.013042000000,   5.04000,
,,,0.013044000000,   5.04000,
,,,0.013046000000,   5.04000,
,,,0.013048000000,   5.04000,
,,,0.013050000000,   5.04000,
,,,0.013052000000,   4.96000,
,,,0.013054000000,   5.04000,
,,,0.013056000000,   5.04000,
,,,0.013058000000,   5.12000,
,,,0.013060000000,   5.04000,
,,,0.013062000000,   5.04000,
,,,0.013064000000,   5.12000,
,,,0.013066000000,   5.04000,
,,,0.013068000000,   4.96000,
,,,0.013070000000,   5.04000,
,,,0.013072000000,   5.04000,
,,,0.013074000000,   5.04000,
,,,0.013076000000,   5.04000,
,,,0.013078000000,   5.04000,
,,,0.013080000000,   5.04000,
,,,0.013082000000,   5.04000,
,,,0.013084000000,   5.04000,
,,,0.013086000000,   5.12000,
,,,0.013088000000,   5.04000,
,,,0.013090000000,   4.96000,
,,,0.013092000000,   5.04000,
,,,0.013094000000,   5.04000,
,,,0.013096000000,   5.04000,
,,,0.013098000000,   5.04000,
,,,0.013100000000,   4.96000,
,,,0.013102000000,   5.04000,
,,,0.013104000000,   5.12000,
,,,0.013106000000,   4.96000,
,,,0.013108000000,   5.12000,
,,,0.013110000000,   5.04000,
,,,0.013112000000,   4.96000,
,,,0.013114000000,   5.04000,
,,,0.013116000000,   5.04000,
,,,0.013118000000,   5.04000,
,,,0.013120000000,   5.04000,
,,,0.013122000000,   5.04000,
,,,0.013124000000,   5.04000,
,,,0.013126000000,   5.04000,
,,,0.013128000000,   5.04000,
,,,0.013130000000,   5.04000,
,,,0.013132000000,   5.04000,
,,,0.013134000000,   4.96000,
,,,0.013136000000,   5.04000,
,,,0.013138000000,   5.04000,
,,,0.013140000000,   5.04000,
,,,0.013142000000,   5.04000,
,,,0.013144000000,   5.04000,
,,,0.013146000000,   5.04000,
,,,0.013148000000,   5.04000,
,,,0.013150000000,   4.96000,
,,,0.013152000000,   5.12000,
,,,0.013154000000,   5.12000,
,,,0.013156000000,   4.96000,
,,,0.013158000000,   5.04000,
,,,0.013160000000,   5.04000,
,,,0.013162000000,   5.04000,
,,,0.013164000000,   5.12000,
,,,0.013166000000,   5.04000,
,,,0.013168000000,   5.12000,
,,,0.013170000000,   5.04000,
,,,0.013172000000,   5.04000,
,,,0.013174000000,   5.12000,
,,,0.013176000000,   5.04000,
,,,0.013178000000,   4.96000,
,,,0.013180000000,   5.04000,
,,,0.013182000000,   5.04000,
,,,0.013184000000,   5.04000,
,,,0.013186000000,   5.04000,
,,,0.013188000000,   5.04000,
,,,0.013190000000,   5.04000,
,,,0.013192000000,   5.04000,
,,,0.013194000000,   5.04000,
,,,0.013196000000,   5.04000,
,,,0.013198000000,   5.04000,
,,,0.013200000000,   5.04000,
,,,0.013202000000,   5.12000,
,,,0.013204000000,   5.04000,
,,,0.013206000000,   4.96000,
,,,0.013208000000,   5.04000,
,,,0.013210000000,   5.04000,
,,,0.013212000000,   4.96000,
,,,0.013214000000,   5.04000,
,,,0.013216000000,   5.04000,
,,,0.013218000000,   5.04000,
,,,0.013220000000,   5.04000,
,,,0.013222000000,   4.96000,
,,,0.013224000000,   5.04000,
,,,0.013226000000,   4.96000,
,,,0.013228000000,   4.96000,
,,,0.013230000000,   5.12000,
,,,0.013232000000,   5.04000,
,,,0.013234000000,   5.04000,
,,,0.013236000000,   5.04000,
,,,0.013238000000,   5.04000,
,,,0.013240000000,   5.04000,
,,,0.013242000000,   5.04000,
,,,0.013244000000,   4.96000,
,,,0.013246000000,   5.12000,
,,,0.013248000000,   5.04000,
,,,0.013250000000,   5.04000,
,,,0.013252000000,   5.12000,
,,,0.013254000000,   5.04000,
,,,0.013256000000,   5.04000,
,,,0.013258000000,   5.04000,
,,,0.013260000000,   5.04000,
,,,0.013262000000,   5.04000,
,,,0.013264000000,   5.04000,
,,,0.013266000000,   5.04000,
,,,0.013268000000,   5.04000,
,,,0.013270000000,   5.04000,
,,,0.013272000000,   4.96000,
,,,0.013274000000,   5.12000,
,,,0.013276000000,   5.04000,
,,,0.013278000000,   0.00000,
,,,0.013280000000,  -0.08000,
,,,0.013282000000,   0.08000,
,,,0.013284000000,   0.00000,
,,,0.013286000000,   0.00000,
,,,0.013288000000,   0.08000,
,,,0.013290000000,   0.00000,
,,,0.013292000000,   0.00000,
,,,0.013294000000,   0.00000,
,,,0.013296000000,   0.00000,
,,,0.013298000000,   0.00000,
,,,0.013300000000,   0.08000,
,,,0.013302000000,   0.00000,
,,,0.013304000000,   0.00000,
,,,0.013306000000,   0.08000,
,,,0.013308000000,   0.00000,
,,,0.013310000000,   0.08000,
,,,0.013312000000,   0.08000,
,,,0.013314000000,   0.00000,
,,,0.013316000000,   0.08000,
,,,0.013318000000,   0.00000,
,,,0.013320000000,   0.08000,
,,,0.013322000000,   0.08000,
,,,0.013324000000,   0.00000,
,,,0.013326000000,   0.08000,
,,,0.013328000000,   0.08000,
,,,0.013330000000,   0.08000,
,,,0.013332000000,   0.08000,
,,,0.013334000000,   0.08000,
,,,0.013336000000,   0.08000,
,,,0.013338000000,   0.08000,
,,,0.013340000000,   0.08000,
,,,0.013342000000,   0.00000,
,,,0.013344000000,   0.08000,
,,,0.013346000000,   0.08000,
,,,0.013348000000,   0.08000,
,,,0.013350000000,   0.08000,
,,,0.013352000000,   0.00000,
,,,0.013354000000,   0.08000,
,,,0.013356000000,   0.08000,
,,,0.013358000000,   0.00000,
,,,0.013360000000,   0.08000,
,,,0.013362000000,   0.08000,
,,,0.013364000000,   0.08000,
,,,0.013366000000,   0.08000,
,,,0.013368000000,   0.00000,
,,,0.013370000000,   0.08000,
,,,0.013372000000,   0.08000,
,,,0.013374000000,   0.08000,
,,,0.013376000000,   0.08000,
,,,0.013378000000,   0.08000,
,,,0.013380000000,   0.08000,
,,,0.013382000000,   0.08000,
,,,0.013384000000,   0.08000,
,,,0.013386000000,   0.08000,
,,,0.013388000000,   0.08000,
,,,0.013390000000,   0.08000,
,,,0.013392000000,   0.08000,
,,,0.013394000000,   0.08000,
,,,0.013396000000,   0.08000,
,,,0.013398000000,   0.08000,
,,,0.013400000000,   0.08000,
,,,0.013402000000,   0.08000,
,,,0.013404000000,   0.08000,
,,,0.013406000000,   0.08000,
,,,0.013408000000,   0.08000,
,,,0.013410000000,   0.08000,
,,,0.013412000000,   0.08000,
,,,0.013414000000,   0.08000,
,,,0.013416000000,   0.08000,
,,,0.013418000000,   0.08000,
,,,0.013420000000,   0.08000,
,,,0.013422000000,   0.08000,
,,,0.013424000000,   0.08000,
,,,0.013426000000,   0.08000,
,,,0.013428000000,   0.08000,
,,,0.013430000000,   0.08000,
,,,0.013432000000,   0.08000,
,,,0.013434000000,   0.08000,
,,,0.013436000000,   0.08000,
,,,0.013438000000,   0.08000,
,,,0.013440000000,   0.08000,
,,,0.013442000000,   0.08000,
,,,0.013444000000,   0.08000,
,,,0.013446000000,   0.08000,
,,,0.013448000000,   0.08000,
,,,0.013450000000,   0.08000,
,,,0.013452000000,   0.08000,
,,,0.013454000000,   0.08000,
,,,0.013456000000,   0.08000,
,,,0.013458000000,   0.08000,
,,,0.013460000000,   0.08000,
,,,0.013462000000,   0.08000,
,,,0.013464000000,   0.08000,
,,,0.013466000000,   0.08000,
,,,0.013468000000,   0.08000,
,,,0.013470000000,   0.08000,
,,,0.013472000000,   0.08000,
,,,0.013474000000,   0.08000,
,,,0.013476000000,   0.08000,
,,,0.013478000000,   0.08000,
,,,0.013480000000,   0.08000,
,,,0.013482000000,   0.08000,
,,,0.013484000000,   0.08000,
,,,0.013486000000,   0.08000,
,,,0.013488000000,   0.08000,
,,,0.013490000000,   0.08000,
,,,0.013492000000,   0.08000,
,,,0.013494000000,   0.08000,
,,,0.013496000000,   0.08000,
,,,0.013498000000,   0.08000,
,,,0.013500000000,   0.08000,
,,,0.013502000000,   0.08000,
,,,0.013504000000,   0.08000,
,,,0.013506000000,   0.08000,
,,,0.013508000000,   0.08000,
,,,0.013510000000,   0.08000,
,,,0.013512000000,   0.08000,
,,,0.013514000000,   0.08000,
,,,0.013516000000,   0.08000,
,,,0.013518000000,   0.08000,
,,,0.013520000000,   0.08000,
,,,0.013522000000,   0.08000,
,,,0.013524000000,   0.08000,
,,,0.013526000000,   0.08000,
,,,0.013528000000,   0.08000,
,,,0.013530000000,   0.08000,
,,,0.013532000000,   0.08000,
,,,0.013534000000,   0.08000,
,,,0.013536000000,   0.08000,
,,,0.013538000000,   0.08000,
,,,0.013540000000,   0.08000,
,,,0.013542000000,   0.08000,
,,,0.013544000000,   0.08000,
,,,0.013546000000,   0.08000,
,,,0.013548000000,   0.08000,
,,,0.013550000000,   0.08000,
,,,0.013552000000,   0.08000,
,,,0.013554000000,   0.08000,
,,,0.013556000000,   0.08000,
,,,0.013558000000,   0.08000,
,,,0.013560000000,   0.08000,
,,,0.013562000000,   0.08000,
,,,0.013564000000,   0.08000,
,,,0.013566000000,   0.08000,
,,,0.013568000000,   0.08000,
,,,0.013570000000,   0.08000,
,,,0.013572000000,   0.08000,
,,,0.013574000000,   0.08000,
,,,0.013576000000,   0.08000,
,,,0.013578000000,   0.08000,
,,,0.013580000000,   0.08000,
,,,0.013582000000,   0.08000,
,,,0.013584000000,   0.08000,
,,,0.013586000000,   0.08000,
,,,0.013588000000,   0.08000,
,,,0.013590000000,   0.08000,
,,,0.013592000000,   0.08000,
,,,0.013594000000,   0.08000,
,,,0.013596000000,   0.08000,
,,,0.013598000000,   0.16000,
,,,0.013600000000,   0.08000,
,,,0.013602000000,   0.08000,
,,,0.013604000000,   0.08000,
,,,0.013606000000,   0.08000,
,,,0.013608000000,   0.08000,
,,,0.013610000000,   0.08000,
,,,0.013612000000,   0.08000,
,,,0.013614000000,   0.08000,
,,,0.013616000000,   0.08000,
,,,0.013618000000,   0.08000,
,,,0.013620000000,   0.08000,
,,,0.013622000000,   0.08000,
,,,0.013624000000,   0.08000,
,,,0.013626000000,   0.08000,
,,,0.013628000000,   0.08000,
,,,0.013630000000,   0.08000,
,,,0.013632000000,   0.08000,
,,,0.013634000000,   0.08000,
,,,0.013636000000,   0.08000,
,,,0.013638000000,   0.08000,
,,,0.013640000000,   0.08000,
,,,0.013642000000,   0.08000,
,,,0.013644000000,   0.08000,
,,,0.013646000000,   0.08000,
,,,0.013648000000,   0.08000,
,,,0.013650000000,   0.08000,
,,,0.013652000000,   0.08000,
,,,0.013654000000,   0.08000,
,,,0.013656000000,   0.08000,
,,,0.013658000000,   0.08000,
,,,0.013660000000,   0.08000,
,,,0.013662000000,   0.08000,
,,,0.013664000000,   0.08000,
,,,0.013666000000,   0.08000,
,,,0.013668000000,   0.08000,
,,,0.013670000000,   0.08000,
,,,0.013672000000,   0.08000,
,,,0.013674000000,   0.08000,
,,,0.013676000000,   0.08000,
,,,0.013678000000,   0.08000,
,,,0.013680000000,   0.08000,
,,,0.013682000000,   0.08000,
,,,0.013684000000,   0.08000,
,,,0.013686000000,   0.08000,
,,,0.013688000000,   0.08000,
,,,0.013690000000,   0.08000,
,,,0.013692000000,   0.08000,
,,,0.013694000000,   0.08000,
,,,0.013696000000,   0.08000,
,,,0.013698000000,   0.08000,
,,,0.013700000000,   0.08000,
,,,0.013702000000,   0.08000,
,,,0.013704000000,   0.08000,
,,,0.013706000000,   0.08000,
,,,0.013708000000,   0.08000,
,,,0.013710000000,   0.08000,
,,,0.013712000000,   0.08000,
,,,0.013714000000,   0.16000,
,,,0.013716000000,   0.08000,
,,,0.013718000000,   0.08000,
,,,0.013720000000,   0.08000,
,,,0.013722000000,   0.08000,
,,,0.013724000000,   0.08000,
,,,0.013726000000,   0.08000,
,,,0.013728000000,   0.08000,
,,,0.013730000000,   0.08000,
,,,0.013732000000,   0.08000,
,,,0.013734000000,   0.08000,
,,,0.013736000000,   0.08000,
,,,0.013738000000,   0.08000,
,,,0.013740000000,   0.08000,
,,,0.013742000000,   0.08000,
,,,0.013744000000,   0.08000,
,,,0.013746000000,   0.08000,
,,,0.013748000000,   0.08000,
,,,0.013750000000,   0.08000,
,,,0.013752000000,   0.08000,
,,,0.013754000000,   0.08000,
,,,0.013756000000,   0.08000,
,,,0.013758000000,   0.08000,
,,,0.013760000000,   0.08000,
,,,0.013762000000,   0.08000,
,,,0.013764000000,   0.08000,
,,,0.013766000000,   0.08000,
,,,0.013768000000,   0.08000,
,,,0.013770000000,   0.08000,
,,,0.013772000000,   0.08000,
,,,0.013774000000,   0.08000,
,,,0.013776000000,   0.08000,
,,,0.013778000000,   0.08000,
,,,0.013780000000,   0.08000,
,,,0.013782000000,   0.08000,
,,,0.013784000000,   0.08000,
,,,0.013786000000,   0.08000,
,,,0.013788000000,   0.08000,
,,,0.013790000000,   0.08000,
,,,0.013792000000,   0.08000,
,,,0.013794000000,   0.00000,
,,,0.013796000000,   0.08000,
,,,0.013798000000,   0.08000,
,,,0.013800000000,   0.08000,
,,,0.013802000000,   0.08000,
,,,0.013804000000,   0.08000,
,,,0.013806000000,   0.08000,
,,,0.013808000000,   0.08000,
,,,0.013810000000,   0.08000,
,,,0.013812000000,   0.08000,
,,,0.013814000000,   0.08000,
,,,0.013816000000,   0.08000,
,,,0.013818000000,   0.08000,
,,,0.013820000000,   0.08000,
,,,0.013822000000,   0.08000,
,,,0.013824000000,   0.08000,
,,,0.013826000000,   0.08000,
,,,0.013828000000,   0.08000,
,,,0.013830000000,   0.08000,
,,,0.013832000000,   0.08000,
,,,0.013834000000,   0.08000,
,,,0.013836000000,   0.08000,
,,,0.013838000000,   0.08000,
,,,0.013840000000,   0.08000,
,,,0.013842000000,   0.08000,
,,,0.013844000000,   0.08000,
,,,0.013846000000,   0.08000,
,,,0.013848000000,   0.08000,
,,,0.013850000000,   0.08000,
,,,0.013852000000,   0.08000,
,,,0.013854000000,   0.08000,
,,,0.013856000000,   0.08000,
,,,0.013858000000,   0.08000,
,,,0.013860000000,   0.08000,
,,,0.013862000000,   0.08000,
,,,0.013864000000,   0.08000,
,,,0.013866000000,   0.08000,
,,,0.013868000000,   0.08000,
,,,0.013870000000,   0.08000,
,,,0.013872000000,   0.08000,
,,,0.013874000000,   0.08000,
,,,0.013876000000,   0.08000,
,,,0.013878000000,   0.08000,
,,,0.013880000000,   0.08000,
,,,0.013882000000,   0.08000,
,,,0.013884000000,   0.08000,
,,,0.013886000000,   0.08000,
,,,0.013888000000,   0.08000,
,,,0.013890000000,   0.08000,
,,,0.013892000000,   0.08000,
,,,0.013894000000,   0.08000,
,,,0.013896000000,   0.08000,
,,,0.013898000000,   0.08000,
,,,0.013900000000,   0.08000,
,,,0.013902000000,   0.16000,
,,,0.013904000000,   0.08000,
,,,0.013906000000,   0.08000,
,,,0.013908000000,   0.08000,
,,,0.013910000000,   0.08000,
,,,0.013912000000,   0.08000,
,,,0.013914000000,   0.08000,
,,,0.013916000000,   0.08000,
,,,0.013918000000,   0.08000,
,,,0.013920000000,   0.08000,
,,,0.013922000000,   0.08000,
,,,0.013924000000,   0.08000,
,,,0.013926000000,   0.08000,
,,,0.013928000000,   0.08000,
,,,0.013930000000,   0.08000,
,,,0.013932000000,   0.08000,
,,,0.013934000000,   0.08000,
,,,0.013936000000,   0.08000,
,,,0.013938000000,   0.08000,
,,,0.013940000000,   0.08000,
,,,0.013942000000,   0.08000,
,,,0.013944000000,   0.08000,
,,,0.013946000000,   0.08000,
,,,0.013948000000,   0.08000,
,,,0.013950000000,   0.08000,
,,,0.013952000000,   0.08000,
,,,0.013954000000,   0.08000,
,,,0.013956000000,   0.08000,
,,,0.013958000000,   0.08000,
,,,0.013960000000,   0.00000,
,,,0.013962000000,   0.08000,
,,,0.013964000000,   0.08000,
,,,0.013966000000,   0.08000,
,,,0.013968000000,   0.08000,
,,,0.013970000000,   0.08000,
,,,0.013972000000,   0.08000,
,,,0.013974000000,   0.08000,
,,,0.013976000000,   0.08000,
,,,0.013978000000,   0.08000,
,,,0.013980000000,   0.08000,
,,,0.013982000000,   0.08000,
,,,0.013984000000,   0.08000,
,,,0.013986000000,   0.08000,
,,,0.013988000000,   0.00000,
,,,0.013990000000,   0.08000,
,,,0.013992000000,   0.08000,
,,,0.013994000000,   0.08000,
,,,0.013996000000,   0.08000,
,,,0.013998000000,   0.08000,
,,,0.014000000000,   0.08000,
,,,0.014002000000,   0.16000,
,,,0.014004000000,   0.08000,
,,,0.014006000000,   0.08000,
,,,0.014008000000,   0.08000,
,,,0.014010000000,   0.08000,
,,,0.014012000000,   0.08000,
,,,0.014014000000,   0.08000,
,,,0.014016000000,   0.08000,
,,,0.014018000000,   0.08000,
,,,0.014020000000,   0.08000,
,,,0.014022000000,   0.08000,
,,,0.014024000000,   0.08000,
,,,0.014026000000,   0.08000,
,,,0.014028000000,   0.08000,
,,,0.014030000000,   0.08000,
,,,0.014032000000,   0.08000,
,,,0.014034000000,   0.08000,
,,,0.014036000000,   0.08000,
,,,0.014038000000,   0.08000,
,,,0.014040000000,   0.08000,
,,,0.014042000000,   0.08000,
,,,0.014044000000,   0.08000,
,,,0.014046000000,   0.08000,
,,,0.014048000000,   0.08000,
,,,0.014050000000,   0.08000,
,,,0.014052000000,   0.08000,
,,,0.014054000000,   0.08000,
,,,0.014056000000,   0.08000,
,,,0.014058000000,   0.08000,
,,,0.014060000000,   0.08000,
,,,0.014062000000,   0.08000,
,,,0.014064000000,   0.08000,
,,,0.014066000000,   0.08000,
,,,0.014068000000,   0.16000,
,,,0.014070000000,   0.08000,
,,,0.014072000000,   0.08000,
,,,0.014074000000,   0.08000,
,,,0.014076000000,   0.00000,
,,,0.014078000000,   0.08000,
,,,0.014080000000,   0.08000,
,,,0.014082000000,   0.08000,
,,,0.014084000000,   0.08000,
,,,0.014086000000,   0.00000,
,,,0.014088000000,   0.08000,
,,,0.014090000000,   0.08000,
,,,0.014092000000,   0.08000,
,,,0.014094000000,   0.08000,
,,,0.014096000000,   0.08000,
,,,0.014098000000,   0.08000,
,,,0.014100000000,   0.08000,
,,,0.014102000000,   0.08000,
,,,0.014104000000,   0.08000,
,,,0.014106000000,   0.08000,
,,,0.014108000000,   0.08000,
,,,0.014110000000,   0.08000,
,,,0.014112000000,   0.08000,
,,,0.014114000000,   0.08000,
,,,0.014116000000,   0.08000,
,,,0.014118000000,   0.16000,
,,,0.014120000000,   0.08000,
,,,0.014122000000,   0.08000,
,,,0.014124000000,   0.08000,
,,,0.014126000000,   0.08000,
,,,0.014128000000,   0.08000,
,,,0.014130000000,   0.08000,
,,,0.014132000000,   0.08000,
,,,0.014134000000,   0.08000,
,,,0.014136000000,   0.08000,
,,,0.014138000000,   0.08000,
,,,0.014140000000,   0.08000,
,,,0.014142000000,   0.08000,
,,,0.014144000000,   0.08000,
,,,0.014146000000,   0.08000,
,,,0.014148000000,   0.08000,
,,,0.014150000000,   0.08000,
,,,0.014152000000,   0.08000,
,,,0.014154000000,   0.08000,
,,,0.014156000000,   0.08000,
,,,0.014158000000,   0.08000,
,,,0.014160000000,   0.08000,
,,,0.014162000000,   0.08000,
,,,0.014164000000,   0.08000,
,,,0.014166000000,   0.08000,
,,,0.014168000000,   0.08000,
,,,0.014170000000,   0.08000,
,,,0.014172000000,   0.08000,
,,,0.014174000000,   0.08000,
,,,0.014176000000,   0.08000,
,,,0.014178000000,   0.16000,
,,,0.014180000000,   0.08000,
,,,0.014182000000,   0.08000,
,,,0.014184000000,   0.08000,
,,,0.014186000000,   0.08000,
,,,0.014188000000,   0.08000,
,,,0.014190000000,   0.08000,
,,,0.014192000000,   0.08000,
,,,0.014194000000,   0.08000,
,,,0.014196000000,   0.08000,
,,,0.014198000000,   0.08000,
,,,0.014200000000,   0.08000,
,,,0.014202000000,   0.08000,
,,,0.014204000000,   0.08000,
,,,0.014206000000,   0.08000,
,,,0.014208000000,   0.08000,
,,,0.014210000000,   0.08000,
,,,0.014212000000,   0.08000,
,,,0.014214000000,   0.08000,
,,,0.014216000000,   0.08000,
,,,0.014218000000,   0.08000,
,,,0.014220000000,   0.08000,
,,,0.014222000000,   0.08000,
,,,0.014224000000,   0.08000,
,,,0.014226000000,   0.08000,
,,,0.014228000000,   0.08000,
,,,0.014230000000,   0.08000,
,,,0.014232000000,   0.08000,
,,,0.014234000000,   0.08000,
,,,0.014236000000,   0.08000,
,,,0.014238000000,   0.08000,
,,,0.014240000000,   0.08000,
,,,0.014242000000,   0.00000,
,,,0.014244000000,   0.08000,
,,,0.014246000000,   0.08000,
,,,0.014248000000,   0.08000,
,,,0.014250000000,   0.08000,
,,,0.014252000000,   0.08000,
,,,0.014254000000,   0.08000,
,,,0.014256000000,   0.08000,
,,,0.014258000000,   0.08000,
,,,0.014260000000,   0.08000,
,,,0.014262000000,   0.08000,
,,,0.014264000000,   0.08000,
,,,0.014266000000,   0.08000,
,,,0.014268000000,   0.08000,
,,,0.014270000000,   0.08000,
,,,0.014272000000,   0.08000,
,,,0.014274000000,   0.08000,
,,,0.014276000000,   0.08000,
,,,0.014278000000,   0.08000,
,,,0.014280000000,   0.08000,
,,,0.014282000000,   0.08000,
,,,0.014284000000,   0.08000,
,,,0.014286000000,   0.08000,
,,,0.014288000000,   0.08000,
,,,0.014290000000,   0.08000,
,,,0.014292000000,   0.08000,
,,,0.014294000000,   5.12000,
,,,0.014296000000,   5.20000,
,,,0.014298000000,   5.04000,
,,,0.014300000000,   5.12000,
,,,0.014302000000,   5.20000,
,,,0.014304000000,   5.12000,
,,,0.014306000000,   5.04000,
,,,0.014308000000,   5.04000,
,,,0.014310000000,   5.12000,
,,,0.014312000000,   5.12000,
,,,0.014314000000,   5.20000,
,,,0.014316000000,   5.04000,
,,,0.014318000000,   5.12000,
,,,0.014320000000,   5.12000,
,,,0.014322000000,   5.04000,
,,,0.014324000000,   5.12000,
,,,0.014326000000,   5.04000,
,,,0.014328000000,   5.04000,
,,,0.014330000000,   5.12000,
,,,0.014332000000,   5.04000,
,,,0.014334000000,   5.12000,
,,,0.014336000000,   5.12000,
,,,0.014338000000,   5.04000,
,,,0.014340000000,   5.12000,
,,,0.014342000000,   5.04000,
,,,0.014344000000,   5.04000,
,,,0.014346000000,   5.12000,
,,,0.014348000000,   5.04000,
,,,0.014350000000,   5.04000,
,,,0.014352000000,   5.04000,
,,,0.014354000000,   5.04000,
,,,0.014356000000,   5.12000,
,,,0.014358000000,   5.04000,
,,,0.014360000000,   5.04000,
,,,0.014362000000,   5.04000,
,,,0.014364000000,   5.04000,
,,,0.014366000000,   5.04000,
,,,0.014368000000,   5.04000,
,,,0.014370000000,   5.12000,
,,,0.014372000000,   5.04000,
,,,0.014374000000,   5.04000,
,,,0.014376000000,   5.04000,
,,,0.014378000000,   5.04000,
,,,0.014380000000,   5.04000,
,,,0.014382000000,   5.04000,
,,,0.014384000000,   5.12000,
,,,0.014386000000,   5.04000,
,,,0.014388000000,   5.04000,
,,,0.014390000000,   5.12000,
,,,0.014392000000,   5.04000,
,,,0.014394000000,   5.04000,
,,,0.014396000000,   5.04000,
,,,0.014398000000,   5.04000,
,,,0.014400000000,   5.04000,
,,,0.014402000000,   5.04000,
,,,0.014404000000,   5.04000,
,,,0.014406000000,   5.12000,
,,,0.014408000000,   5.04000,
,,,0.014410000000,   5.04000,
,,,0.014412000000,   5.12000,
,,,0.014414000000,   5.04000,
,,,0.014416000000,   5.04000,
,,,0.014418000000,   5.04000,
,,,0.014420000000,   5.04000,
,,,0.014422000000,   5.04000,
,,,0.014424000000,   5.04000,
,,,0.014426000000,   5.04000,
,,,0.014428000000,   5.04000,
,,,0.014430000000,   5.04000,
,,,0.014432000000,   5.04000,
,,,0.014434000000,   5.04000,
,,,0.014436000000,   5.04000,
,,,0.014438000000,   5.04000,
,,,0.014440000000,   5.12000,
,,,0.014442000000,   5.04000,
,,,0.014444000000,   5.04000,
,,,0.014446000000,   5.12000,
,,,0.014448000000,   5.04000,
,,,0.014450000000,   5.04000,
,,,0.014452000000,   5.04000,
,,,0.014454000000,   4.96000,
,,,0.014456000000,   5.12000,
,,,0.014458000000,   5.04000,
,,,0.014460000000,   4.96000,
,,,0.014462000000,   5.04000,
,,,0.014464000000,   5.04000,
,,,0.014466000000,   5.04000,
,,,0.014468000000,   5.04000,
,,,0.014470000000,   5.04000,
,,,0.014472000000,   5.04000,
,,,0.014474000000,   5.04000,
,,,0.014476000000,   5.04000,
,,,0.014478000000,   5.04000,
,,,0.014480000000,   5.04000,
,,,0.014482000000,   5.04000,
,,,0.014484000000,   5.04000,
,,,0.014486000000,   5.12000,
,,,0.014488000000,   4.96000,
,,,0.014490000000,   5.04000,
,,,0.014492000000,   5.04000,
,,,0.014494000000,   5.04000,
,,,0.014496000000,   5.04000,
,,,0.014498000000,   5.04000,
,,,0.014500000000,   5.04000,
,,,0.014502000000,   5.04000,
,,,0.014504000000,   4.96000,
,,,0.014506000000,   5.12000,
,,,0.014508000000,   5.04000,
,,,0.014510000000,   4.96000,
,,,0.014512000000,   5.04000,
,,,0.014514000000,   5.04000,
,,,0.014516000000,   5.04000,
,,,0.014518000000,   5.04000,
,,,0.014520000000,   4.96000,
,,,0.014522000000,   5.04000,
,,,0.014524000000,   5.04000,
,,,0.014526000000,   5.04000,
,,,0.014528000000,   5.04000,
,,,0.014530000000,   5.04000,
,,,0.014532000000,   5.04000,
,,,0.014534000000,   5.12000,
,,,0.014536000000,   5.04000,
,,,0.014538000000,   5.04000,
,,,0.014540000000,   5.04000,
,,,0.014542000000,   5.04000,
,,,0.014544000000,   5.04000,
,,,0.014546000000,   5.04000,
,,,0.014548000000,   4.96000,
,,,0.014550000000,   5.12000,
,,,0.014552000000,   5.04000,
,,,0.014554000000,   4.96000,
,,,0.014556000000,   5.12000,
,,,0.014558000000,   5.04000,
,,,0.014560000000,   5.04000,
,,,0.014562000000,   5.04000,
,,,0.014564000000,   5.04000,
,,,0.014566000000,   5.04000,
,,,0.014568000000,   5.04000,
,,,0.014570000000,   4.96000,
,,,0.014572000000,   5.12000,
,,,0.014574000000,   5.04000,
,,,0.014576000000,   4.96000,
,,,0.014578000000,   5.04000,
,,,0.014580000000,   5.04000,
,,,0.014582000000,   4.96000,
,,,0.014584000000,   5.04000,
,,,0.014586000000,   5.04000,
,,,0.014588000000,   5.04000,
,,,0.014590000000,   5.04000,
,,,0.014592000000,   4.96000,
,,,0.014594000000,   5.04000,
,,,0.014596000000,   5.04000,
,,,0.014598000000,   4.96000,
,,,0.014600000000,   5.04000,
,,,0.014602000000,   5.04000,
,,,0.014604000000,   4.96000,
,,,0.014606000000,   5.04000,
,,,0.014608000000,   5.04000,
,,,0.014610000000,   5.04000,
,,,0.014612000000,   5.12000,
,,,0.014614000000,   4.96000,
,,,0.014616000000,   5.04000,
,,,0.014618000000,   5.04000,
,,,0.014620000000,   4.96000,
,,,0.014622000000,   5.12000,
,,,0.014624000000,   5.04000,
,,,0.014626000000,   5.04000,
,,,0.014628000000,   5.04000,
,,,0.014630000000,   5.04000,
,,,0.014632000000,   5.04000,
,,,0.014634000000,   5.04000,
,,,0.014636000000,   4.96000,
,,,0.014638000000,   5.12000,
,,,0.014640000000,   5.04000,
,,,0.014642000000,   5.04000,
,,,0.014644000000,   5.04000,
,,,0.014646000000,   5.04000,
,,,0.014648000000,   5.04000,
,,,0.014650000000,   5.04000,
,,,0.014652000000,   5.04000,
,,,0.014654000000,   5.04000,
,,,0.014656000000,   5.04000,
,,,0.014658000000,   5.04000,
,,,0.014660000000,   5.04000,
,,,0.014662000000,   5.04000,
,,,0.014664000000,   4.96000,
,,,0.014666000000,   5.04000,
,,,0.014668000000,   5.04000,
,,,0.014670000000,   4.96000,
,,,0.014672000000,   5.12000,
,,,0.014674000000,   5.04000,
,,,0.014676000000,   5.04000,
,,,0.014678000000,   5.12000,
,,,0.014680000000,   5.04000,
,,,0.014682000000,   4.96000,
,,,0.014684000000,   5.04000,
,,,0.014686000000,   4.96000,
,,,0.014688000000,   5.12000,
,,,0.014690000000,   5.04000,
,,,0.014692000000,   4.96000,
,,,0.014694000000,   5.04000,
,,,0.014696000000,   5.04000,
,,,0.014698000000,   5.04000,
,,,0.014700000000,   5.04000,
,,,0.014702000000,   5.04000,
,,,0.014704000000,   5.04000,
,,,0.014706000000,   5.04000,
,,,0.014708000000,   4.96000,
,,,0.014710000000,   5.04000,
,,,0.014712000000,   5.04000,
,,,0.014714000000,   5.04000,
,,,0.014716000000,   5.12000,
,,,0.014718000000,   5.04000,
,,,0.014720000000,   5.04000,
,,,0.014722000000,   5.04000,
,,,0.014724000000,   5.04000,
,,,0.014726000000,   5.04000,
,,,0.014728000000,   5.04000,
,,,0.014730000000,   5.04000,
,,,0.014732000000,   5.04000,
,,,0.014734000000,   5.04000,
,,,0.014736000000,   4.96000,
,,,0.014738000000,   5.12000,
,,,0.014740000000,   5.04000,
,,,0.014742000000,   4.96000,
,,,0.014744000000,   5.04000,
,,,0.014746000000,   5.04000,
,,,0.014748000000,   5.04000,
,,,0.014750000000,   5.04000,
,,,0.014752000000,   4.96000,
,,,0.014754000000,   5.04000,
,,,0.014756000000,   5.04000,
,,,0.014758000000,   5.04000,
,,,0.014760000000,   5.12000,
,,,0.014762000000,   5.04000,
,,,0.014764000000,   5.04000,
,,,0.014766000000,   5.04000,
,,,0.014768000000,   5.04000,
,,,0.014770000000,   5.04000,
,,,0.014772000000,   5.04000,
,,,0.014774000000,   5.04000,
,,,0.014776000000,   5.04000,
,,,0.014778000000,   5.12000,
,,,0.014780000000,   4.96000,
,,,0.014782000000,   5.04000,
,,,0.014784000000,   5.04000,
,,,0.014786000000,   4.96000,
,,,0.014788000000,   5.04000,
,,,0.014790000000,   5.04000,
,,,0.014792000000,   5.04000,
,,,0.014794000000,   5.12000,
,,,0.014796000000,   5.04000,
,,,0.014798000000,   5.04000,
,,,0.014800000000,   5.04000,
,,,0.014802000000,   4.96000,
,,,0.014804000000,   5.04000,
,,,0.014806000000,   5.04000,
,,,0.014808000000,   4.96000,
,,,0.014810000000,   5.04000,
,,,0.014812000000,   5.04000,
,,,0.014814000000,   5.04000,
,,,0.014816000000,   5.12000,
,,,0.014818000000,   5.04000,
,,,0.014820000000,   5.04000,
,,,0.014822000000,   5.04000,
,,,0.014824000000,   5.04000,
,,,0.014826000000,   5.12000,
,,,0.014828000000,   5.04000,
,,,0.014830000000,   4.96000,
,,,0.014832000000,   5.04000,
,,,0.014834000000,   5.04000,
,,,0.014836000000,   4.96000,
,,,0.014838000000,   5.12000,
,,,0.014840000000,   5.04000,
,,,0.014842000000,   5.04000,
,,,0.014844000000,   5.04000,
,,,0.014846000000,   4.96000,
,,,0.014848000000,   5.12000,
,,,0.014850000000,   5.04000,
,,,0.014852000000,   5.04000,
,,,0.014854000000,   5.04000,
,,,0.014856000000,   5.04000,
,,,0.014858000000,   5.04000,
,,,0.014860000000,   5.12000,
,,,0.014862000000,   5.04000,
,,,0.014864000000,   5.04000,
,,,0.014866000000,   5.04000,
,,,0.014868000000,   5.04000,
,,,0.014870000000,   5.04000,
,,,0.014872000000,   5.04000,
,,,0.014874000000,   4.96000,
,,,0.014876000000,   5.04000,
,,,0.014878000000,   5.04000,
,,,0.014880000000,   5.04000,
,,,0.014882000000,   5.04000,
,,,0.014884000000,   5.04000,
,,,0.014886000000,   4.96000,
,,,0.014888000000,   5.04000,
,,,0.014890000000,   5.04000,
,,,0.014892000000,   5.04000,
,,,0.014894000000,   5.04000,
,,,0.014896000000,   5.04000,
,,,0.014898000000,   5.12000,
,,,0.014900000000,   5.04000,
,,,0.014902000000,   5.04000,
